G21 ; unités en mm
G90 ; positionnement absolu
M5  ; laser off
G0 X45.600 Y76.000
M3 ; laser on
G1 X45.600 Y76.000 F3000
G1 X45.600 Y76.400 F3000
M5 ; laser off
G0 X1.600 Y76.000
M3 ; laser on
G1 X1.600 Y76.000 F3000
G1 X1.600 Y76.400 F3000
M5 ; laser off
G0 X43.200 Y75.600
M3 ; laser on
G1 X43.200 Y75.600 F3000
G1 X43.200 Y76.400 F3000
M5 ; laser off
G0 X19.400 Y74.800
M3 ; laser on
G1 X19.400 Y74.800 F3000
G1 X24.400 Y74.800 F3000
M5 ; laser off
G0 X15.200 Y74.200
M3 ; laser on
G1 X15.200 Y74.200 F3000
G1 X15.200 Y74.800 F3000
G1 X15.000 Y75.000 F3000
G1 X14.800 Y74.800 F3000
G1 X14.800 Y74.200 F3000
G1 X14.600 Y74.000 F3000
G1 X14.800 Y74.200 F3000
G1 X14.800 Y74.800 F3000
G1 X14.600 Y75.000 F3000
G1 X14.200 Y75.000 F3000
G1 X14.000 Y75.200 F3000
G1 X13.600 Y75.200 F3000
G1 X13.400 Y75.000 F3000
G1 X13.600 Y75.200 F3000
G1 X13.400 Y75.400 F3000
G1 X13.400 Y76.400 F3000
G1 X13.400 Y75.400 F3000
G1 X13.600 Y75.200 F3000
G1 X14.000 Y75.200 F3000
G1 X14.200 Y75.400 F3000
G1 X13.800 Y75.600 F3000
G1 X13.800 Y76.400 F3000
G1 X13.800 Y75.800 F3000
G1 X14.200 Y75.400 F3000
G1 X14.800 Y75.400 F3000
G1 X15.200 Y74.800 F3000
M5 ; laser off
G0 X42.000 Y73.800
M3 ; laser on
G1 X42.000 Y73.800 F3000
G1 X42.000 Y74.400 F3000
G1 X43.000 Y75.200 F3000
G1 X42.000 Y74.200 F3000
M5 ; laser off
G0 X15.000 Y73.800
M3 ; laser on
G1 X15.000 Y73.800 F3000
G1 X14.800 Y73.600 F3000
G1 X13.600 Y73.800 F3000
G1 X14.200 Y73.800 F3000
G1 X14.400 Y73.600 F3000
G1 X14.800 Y73.600 F3000
M5 ; laser off
G0 X41.200 Y73.400
M3 ; laser on
G1 X41.200 Y73.400 F3000
G1 X41.200 Y73.600 F3000
M5 ; laser off
G0 X37.600 Y73.400
M3 ; laser on
G1 X37.600 Y73.400 F3000
G1 X37.600 Y73.800 F3000
M5 ; laser off
G0 X26.000 Y73.600
M3 ; laser on
G1 X26.000 Y73.600 F3000
G1 X26.400 Y73.400 F3000
G1 X26.000 Y73.400 F3000
M5 ; laser off
G0 X43.000 Y73.200
M3 ; laser on
G1 X43.000 Y73.200 F3000
G1 X42.800 Y73.200 F3000
G1 X42.600 Y73.600 F3000
G1 X42.800 Y73.200 F3000
G1 X43.000 Y73.600 F3000
M5 ; laser off
G0 X40.400 Y73.200
M3 ; laser on
G1 X40.400 Y73.200 F3000
G1 X40.400 Y73.600 F3000
G1 X40.800 Y73.600 F3000
G1 X40.800 Y73.400 F3000
M5 ; laser off
G0 X36.800 Y73.200
M3 ; laser on
G1 X36.800 Y73.200 F3000
G1 X36.800 Y73.600 F3000
G1 X37.200 Y73.600 F3000
G1 X37.200 Y73.400 F3000
M5 ; laser off
G0 X13.800 Y73.200
M3 ; laser on
G1 X13.800 Y73.200 F3000
G1 X13.800 Y73.400 F3000
G1 X14.000 Y73.400 F3000
M5 ; laser off
G0 X1.800 Y73.200
M3 ; laser on
G1 X1.800 Y73.200 F3000
G1 X2.600 Y74.000 F3000
G1 X2.600 Y76.400 F3000
G1 X2.600 Y74.000 F3000
M5 ; laser off
G0 X1.200 Y73.000
M3 ; laser on
G1 X1.200 Y73.000 F3000
G1 X1.400 Y73.200 F3000
M5 ; laser off
G0 X42.600 Y72.800
M3 ; laser on
G1 X42.600 Y72.800 F3000
G1 X42.400 Y73.000 F3000
G1 X42.600 Y72.800 F3000
G1 X43.200 Y72.800 F3000
G1 X43.400 Y73.000 F3000
G1 X43.400 Y73.800 F3000
G1 X43.200 Y74.000 F3000
G1 X42.800 Y74.000 F3000
G1 X43.200 Y74.000 F3000
G1 X43.400 Y73.800 F3000
G1 X43.400 Y73.000 F3000
G1 X43.200 Y72.800 F3000
M5 ; laser off
G0 X40.200 Y72.800
M3 ; laser on
G1 X40.200 Y72.800 F3000
G1 X40.600 Y72.800 F3000
G1 X40.200 Y72.800 F3000
G1 X40.000 Y73.000 F3000
G1 X40.000 Y73.800 F3000
G1 X40.600 Y74.200 F3000
G1 X40.400 Y74.400 F3000
G1 X40.800 Y74.000 F3000
G1 X40.200 Y74.000 F3000
G1 X40.000 Y73.800 F3000
G1 X40.000 Y73.000 F3000
M5 ; laser off
G0 X49.800 Y72.600
M3 ; laser on
G1 X49.800 Y72.600 F3000
G1 X49.600 Y72.800 F3000
M5 ; laser off
G0 X42.000 Y72.600
M3 ; laser on
G1 X42.000 Y72.600 F3000
G1 X42.000 Y73.000 F3000
M5 ; laser off
G0 X26.400 Y72.600
M3 ; laser on
G1 X26.400 Y72.600 F3000
G1 X29.400 Y72.600 F3000
G1 X29.600 Y72.800 F3000
G1 X29.200 Y73.200 F3000
G1 X29.200 Y73.800 F3000
G1 X29.400 Y74.000 F3000
G1 X30.200 Y74.000 F3000
G1 X30.600 Y73.600 F3000
G1 X30.800 Y73.600 F3000
G1 X30.600 Y73.600 F3000
G1 X30.000 Y72.800 F3000
G1 X30.200 Y72.600 F3000
G1 X31.000 Y72.600 F3000
G1 X31.200 Y72.800 F3000
G1 X31.400 Y72.600 F3000
G1 X31.600 Y72.800 F3000
G1 X31.800 Y72.600 F3000
G1 X33.000 Y72.600 F3000
G1 X33.200 Y72.800 F3000
G1 X32.800 Y73.200 F3000
G1 X32.800 Y73.800 F3000
G1 X33.000 Y74.000 F3000
G1 X33.800 Y74.000 F3000
G1 X34.000 Y73.800 F3000
G1 X34.000 Y73.200 F3000
G1 X33.000 Y72.600 F3000
G1 X30.200 Y72.600 F3000
G1 X30.000 Y72.800 F3000
G1 X29.600 Y72.800 F3000
G1 X29.400 Y72.600 F3000
M5 ; laser off
G0 X33.800 Y72.600
M3 ; laser on
G1 X33.800 Y72.600 F3000
G1 X36.600 Y72.600 F3000
G1 X37.400 Y73.000 F3000
G1 X37.200 Y72.800 F3000
G1 X37.400 Y72.600 F3000
G1 X38.200 Y72.600 F3000
G1 X38.800 Y73.200 F3000
G1 X38.800 Y73.800 F3000
G1 X38.600 Y74.000 F3000
G1 X38.800 Y74.000 F3000
G1 X39.200 Y74.400 F3000
G1 X38.800 Y74.800 F3000
G1 X38.600 Y74.800 F3000
G1 X38.200 Y74.400 F3000
G1 X37.600 Y74.200 F3000
G1 X38.000 Y74.400 F3000
G1 X37.800 Y74.600 F3000
G1 X39.400 Y76.200 F3000
G1 X39.200 Y76.400 F3000
G1 X39.400 Y76.200 F3000
G1 X39.600 Y76.400 F3000
G1 X40.200 Y76.400 F3000
G1 X40.000 Y76.000 F3000
G1 X39.200 Y75.200 F3000
G1 X39.600 Y74.800 F3000
G1 X41.000 Y76.200 F3000
G1 X41.000 Y76.400 F3000
G1 X41.200 Y76.400 F3000
G1 X38.800 Y74.000 F3000
G1 X38.800 Y73.200 F3000
G1 X39.000 Y73.000 F3000
G1 X39.200 Y73.200 F3000
G1 X39.200 Y73.800 F3000
G1 X41.600 Y76.200 F3000
G1 X41.600 Y76.400 F3000
G1 X41.600 Y76.200 F3000
G1 X41.000 Y75.600 F3000
G1 X41.000 Y75.400 F3000
G1 X39.200 Y73.800 F3000
G1 X39.200 Y73.200 F3000
G1 X38.600 Y72.400 F3000
G1 X39.000 Y72.800 F3000
G1 X38.800 Y73.200 F3000
G1 X38.200 Y72.600 F3000
G1 X37.400 Y72.600 F3000
G1 X37.200 Y72.800 F3000
G1 X36.800 Y72.800 F3000
G1 X36.600 Y72.600 F3000
M5 ; laser off
G0 X22.400 Y72.400
M3 ; laser on
G1 X22.400 Y72.400 F3000
G1 X22.800 Y72.600 F3000
G1 X23.000 Y72.400 F3000
G1 X25.000 Y72.400 F3000
G1 X25.200 Y72.600 F3000
G1 X26.000 Y72.600 F3000
G1 X25.200 Y72.600 F3000
G1 X25.000 Y72.400 F3000
G1 X23.000 Y72.400 F3000
G1 X22.800 Y72.600 F3000
M5 ; laser off
G0 X44.200 Y71.800
M3 ; laser on
G1 X44.200 Y71.800 F3000
G1 X44.400 Y72.000 F3000
M5 ; laser off
G0 X41.400 Y71.800
M3 ; laser on
G1 X41.400 Y71.800 F3000
G1 X41.800 Y72.200 F3000
G1 X42.000 Y72.000 F3000
G1 X41.800 Y72.200 F3000
M5 ; laser off
G0 X48.200 Y71.600
M3 ; laser on
G1 X48.200 Y71.600 F3000
G1 X48.600 Y71.600 F3000
G1 X48.800 Y71.800 F3000
G1 X48.800 Y72.200 F3000
G1 X49.200 Y72.600 F3000
G1 X48.800 Y73.000 F3000
G1 X48.600 Y72.600 F3000
G1 X48.200 Y72.400 F3000
G1 X48.200 Y72.800 F3000
G1 X48.600 Y73.200 F3000
G1 X48.600 Y74.000 F3000
G1 X48.200 Y74.200 F3000
G1 X48.200 Y74.800 F3000
G1 X48.400 Y75.000 F3000
G1 X49.200 Y75.000 F3000
G1 X49.200 Y74.200 F3000
G1 X49.000 Y74.000 F3000
G1 X49.000 Y73.400 F3000
G1 X49.200 Y73.200 F3000
G1 X48.800 Y74.000 F3000
G1 X48.600 Y73.800 F3000
G1 X48.600 Y73.200 F3000
G1 X49.000 Y72.800 F3000
G1 X49.200 Y72.800 F3000
G1 X49.200 Y72.600 F3000
G1 X49.600 Y72.200 F3000
G1 X49.800 Y72.200 F3000
G1 X49.400 Y72.400 F3000
G1 X48.600 Y71.600 F3000
M5 ; laser off
G0 X44.600 Y71.600
M3 ; laser on
G1 X44.600 Y71.600 F3000
G1 X44.800 Y72.000 F3000
G1 X45.400 Y72.400 F3000
G1 X45.200 Y72.800 F3000
G1 X45.000 Y72.600 F3000
G1 X45.200 Y72.800 F3000
G1 X45.200 Y76.400 F3000
G1 X45.200 Y72.800 F3000
G1 X45.400 Y72.400 F3000
G1 X45.000 Y72.000 F3000
G1 X45.200 Y71.800 F3000
G1 X45.000 Y72.000 F3000
M5 ; laser off
G0 X44.400 Y70.400
M3 ; laser on
G1 X44.400 Y70.400 F3000
G1 X44.600 Y70.600 F3000
G1 X44.600 Y71.200 F3000
G1 X45.000 Y71.400 F3000
G1 X45.600 Y71.200 F3000
G1 X45.600 Y70.400 F3000
G1 X45.000 Y70.200 F3000
G1 X44.600 Y70.600 F3000
M5 ; laser off
G0 X2.800 Y70.200
M3 ; laser on
G1 X2.800 Y70.200 F3000
G1 X2.800 Y70.400 F3000
M5 ; laser off
G0 X24.600 Y70.000
M3 ; laser on
G1 X24.600 Y70.000 F3000
G1 X24.800 Y70.000 F3000
M5 ; laser off
G0 X5.200 Y69.800
M3 ; laser on
G1 X5.200 Y69.800 F3000
G1 X5.200 Y76.400 F3000
M5 ; laser off
G0 X40.600 Y69.600
M3 ; laser on
G1 X40.600 Y69.600 F3000
G1 X40.800 Y69.600 F3000
M5 ; laser off
G0 X3.800 Y69.600
M3 ; laser on
G1 X3.800 Y69.600 F3000
G1 X3.800 Y76.400 F3000
M5 ; laser off
G0 X44.200 Y69.400
M3 ; laser on
G1 X44.200 Y69.400 F3000
G1 X43.800 Y69.400 F3000
G1 X43.600 Y69.600 F3000
G1 X42.200 Y69.600 F3000
G1 X43.600 Y69.600 F3000
G1 X44.000 Y70.000 F3000
G1 X43.600 Y69.600 F3000
G1 X43.800 Y69.400 F3000
G1 X44.200 Y69.600 F3000
M5 ; laser off
G0 X41.200 Y69.400
M3 ; laser on
G1 X41.200 Y69.400 F3000
G1 X41.400 Y69.600 F3000
M5 ; laser off
G0 X39.600 Y69.400
M3 ; laser on
G1 X39.600 Y69.400 F3000
G1 X40.200 Y69.400 F3000
M5 ; laser off
G0 X5.000 Y69.000
M3 ; laser on
G1 X5.000 Y69.000 F3000
G1 X4.600 Y69.200 F3000
G1 X4.400 Y69.600 F3000
G1 X4.200 Y69.600 F3000
G1 X4.200 Y76.400 F3000
G1 X4.400 Y76.400 F3000
G1 X4.200 Y76.200 F3000
G1 X4.200 Y69.800 F3000
M5 ; laser off
G0 X32.400 Y68.800
M3 ; laser on
G1 X32.400 Y68.800 F3000
G1 X32.800 Y69.000 F3000
M5 ; laser off
G0 X18.000 Y68.600
M3 ; laser on
G1 X18.000 Y68.600 F3000
G1 X18.000 Y70.400 F3000
M5 ; laser off
G0 X18.400 Y68.600
M3 ; laser on
G1 X18.400 Y68.600 F3000
G1 X18.600 Y68.400 F3000
G1 X18.400 Y68.600 F3000
G1 X18.400 Y70.400 F3000
G1 X20.200 Y72.000 F3000
G1 X23.000 Y72.000 F3000
G1 X23.200 Y71.800 F3000
G1 X23.400 Y72.000 F3000
G1 X41.000 Y72.000 F3000
G1 X41.600 Y72.600 F3000
G1 X41.600 Y74.600 F3000
G1 X41.200 Y75.000 F3000
G1 X41.600 Y74.600 F3000
G1 X42.800 Y75.600 F3000
G1 X42.800 Y76.400 F3000
G1 X42.800 Y75.600 F3000
G1 X41.600 Y74.600 F3000
G1 X41.600 Y72.600 F3000
G1 X41.000 Y72.000 F3000
G1 X23.400 Y72.000 F3000
G1 X23.200 Y71.800 F3000
G1 X23.000 Y72.000 F3000
G1 X20.200 Y72.000 F3000
G1 X18.400 Y70.200 F3000
M5 ; laser off
G0 X16.000 Y68.600
M3 ; laser on
G1 X16.000 Y68.600 F3000
G1 X16.200 Y68.400 F3000
G1 X16.000 Y68.600 F3000
G1 X16.000 Y71.000 F3000
G1 X19.400 Y74.400 F3000
G1 X33.200 Y74.400 F3000
G1 X33.400 Y74.600 F3000
G1 X33.800 Y74.400 F3000
G1 X34.400 Y74.600 F3000
G1 X34.800 Y74.400 F3000
G1 X35.000 Y74.600 F3000
G1 X37.000 Y74.400 F3000
G1 X37.200 Y74.600 F3000
G1 X36.400 Y74.200 F3000
G1 X37.200 Y74.000 F3000
G1 X36.400 Y73.800 F3000
G1 X36.400 Y73.000 F3000
G1 X36.600 Y74.000 F3000
G1 X36.200 Y74.200 F3000
G1 X36.600 Y74.400 F3000
G1 X36.400 Y74.600 F3000
G1 X35.800 Y74.400 F3000
G1 X35.600 Y74.600 F3000
G1 X34.800 Y74.400 F3000
G1 X34.600 Y74.600 F3000
G1 X34.200 Y74.400 F3000
G1 X33.600 Y74.600 F3000
G1 X33.200 Y74.400 F3000
G1 X26.400 Y74.400 F3000
G1 X26.200 Y74.200 F3000
G1 X26.800 Y73.800 F3000
G1 X26.800 Y73.400 F3000
G1 X26.800 Y73.800 F3000
G1 X26.200 Y74.200 F3000
G1 X25.600 Y73.800 F3000
G1 X25.600 Y73.200 F3000
G1 X26.600 Y73.000 F3000
G1 X25.800 Y73.000 F3000
G1 X25.400 Y74.000 F3000
G1 X24.600 Y73.800 F3000
G1 X24.400 Y74.000 F3000
G1 X24.600 Y73.800 F3000
G1 X24.800 Y74.000 F3000
G1 X25.600 Y73.800 F3000
G1 X26.200 Y74.200 F3000
G1 X26.000 Y74.400 F3000
G1 X19.600 Y74.400 F3000
G1 X19.400 Y74.200 F3000
G1 X19.600 Y74.000 F3000
G1 X20.800 Y74.000 F3000
G1 X21.000 Y73.800 F3000
G1 X21.400 Y74.000 F3000
G1 X21.000 Y73.800 F3000
G1 X21.200 Y73.200 F3000
G1 X21.400 Y73.600 F3000
G1 X21.600 Y73.400 F3000
G1 X21.800 Y73.600 F3000
G1 X21.800 Y73.400 F3000
G1 X21.200 Y73.200 F3000
G1 X21.400 Y73.000 F3000
G1 X22.200 Y73.200 F3000
G1 X22.000 Y74.000 F3000
G1 X22.200 Y73.200 F3000
G1 X21.200 Y73.000 F3000
G1 X20.800 Y74.000 F3000
G1 X19.800 Y73.800 F3000
G1 X19.200 Y74.200 F3000
G1 X16.000 Y71.000 F3000
M5 ; laser off
G0 X45.200 Y68.000
M3 ; laser on
G1 X45.200 Y68.000 F3000
G1 X45.600 Y68.400 F3000
M5 ; laser off
G0 X32.200 Y68.000
M3 ; laser on
G1 X32.200 Y68.000 F3000
G1 X33.800 Y69.400 F3000
G1 X39.200 Y69.400 F3000
G1 X33.800 Y69.400 F3000
G1 X32.400 Y68.000 F3000
M5 ; laser off
G0 X14.600 Y68.000
M3 ; laser on
G1 X14.600 Y68.000 F3000
G1 X14.600 Y68.200 F3000
G1 X12.600 Y70.200 F3000
G1 X12.600 Y76.400 F3000
G1 X12.800 Y76.400 F3000
G1 X12.600 Y76.200 F3000
G1 X12.600 Y70.200 F3000
G1 X14.000 Y68.800 F3000
G1 X14.200 Y69.200 F3000
G1 X14.000 Y68.800 F3000
G1 X14.600 Y68.200 F3000
M5 ; laser off
G0 X17.000 Y68.200
M3 ; laser on
G1 X17.000 Y68.200 F3000
G1 X16.800 Y68.600 F3000
G1 X17.000 Y69.000 F3000
G1 X17.000 Y69.400 F3000
G1 X16.800 Y69.600 F3000
G1 X17.000 Y70.400 F3000
G1 X16.800 Y70.800 F3000
G1 X17.600 Y71.600 F3000
G1 X17.600 Y71.800 F3000
G1 X17.800 Y71.800 F3000
G1 X18.600 Y72.600 F3000
G1 X18.800 Y72.600 F3000
G1 X18.600 Y72.600 F3000
G1 X16.800 Y70.800 F3000
G1 X17.000 Y70.400 F3000
G1 X18.800 Y72.200 F3000
G1 X19.200 Y72.400 F3000
G1 X21.200 Y72.400 F3000
G1 X21.400 Y72.600 F3000
G1 X22.000 Y72.600 F3000
G1 X21.400 Y72.600 F3000
G1 X21.200 Y72.400 F3000
G1 X19.200 Y72.400 F3000
G1 X18.600 Y71.800 F3000
G1 X19.000 Y71.600 F3000
G1 X19.400 Y72.000 F3000
G1 X19.600 Y72.000 F3000
G1 X19.400 Y72.000 F3000
G1 X18.200 Y70.800 F3000
G1 X18.800 Y71.400 F3000
G1 X18.800 Y71.600 F3000
G1 X18.600 Y71.800 F3000
G1 X18.200 Y71.400 F3000
G1 X18.000 Y71.400 F3000
G1 X17.600 Y71.000 F3000
G1 X17.600 Y70.800 F3000
G1 X17.000 Y70.400 F3000
G1 X17.000 Y70.000 F3000
G1 X16.800 Y69.800 F3000
G1 X17.000 Y69.000 F3000
G1 X17.800 Y68.200 F3000
G1 X17.800 Y68.000 F3000
G1 X17.800 Y68.200 F3000
G1 X17.000 Y69.000 F3000
G1 X16.800 Y68.600 F3000
G1 X17.400 Y68.000 F3000
G1 X17.400 Y67.800 F3000
G1 X17.400 Y68.000 F3000
M5 ; laser off
G0 X7.000 Y67.800
M3 ; laser on
G1 X7.000 Y67.800 F3000
G1 X6.800 Y67.800 F3000
G1 X7.000 Y68.000 F3000
G1 X5.600 Y69.400 F3000
G1 X5.400 Y69.200 F3000
G1 X5.600 Y69.400 F3000
G1 X7.000 Y68.000 F3000
M5 ; laser off
G0 X43.400 Y67.400
M3 ; laser on
G1 X43.400 Y67.400 F3000
G1 X44.000 Y68.000 F3000
G1 X43.800 Y68.200 F3000
G1 X44.000 Y68.000 F3000
G1 X44.800 Y68.000 F3000
G1 X44.000 Y68.000 F3000
M5 ; laser off
G0 X19.800 Y67.200
M3 ; laser on
G1 X19.800 Y67.200 F3000
G1 X19.200 Y67.800 F3000
M5 ; laser off
G0 X34.200 Y67.400
M3 ; laser on
G1 X34.200 Y67.400 F3000
G1 X34.200 Y67.800 F3000
G1 X34.600 Y68.200 F3000
G1 X35.000 Y68.200 F3000
G1 X35.200 Y68.000 F3000
G1 X35.600 Y68.200 F3000
G1 X35.600 Y68.000 F3000
G1 X35.400 Y68.200 F3000
G1 X35.200 Y68.000 F3000
G1 X35.200 Y67.200 F3000
G1 X35.000 Y67.000 F3000
G1 X34.600 Y67.000 F3000
M5 ; laser off
G0 X9.400 Y66.600
M3 ; laser on
G1 X9.400 Y66.600 F3000
G1 X9.400 Y67.400 F3000
G1 X9.200 Y67.600 F3000
G1 X8.800 Y67.200 F3000
G1 X8.400 Y67.200 F3000
G1 X8.800 Y67.200 F3000
G1 X9.200 Y67.600 F3000
G1 X7.800 Y69.000 F3000
G1 X7.400 Y68.800 F3000
G1 X7.600 Y69.200 F3000
G1 X7.000 Y69.800 F3000
G1 X6.800 Y69.600 F3000
G1 X7.000 Y69.800 F3000
G1 X6.600 Y70.200 F3000
G1 X6.600 Y70.600 F3000
G1 X6.200 Y70.800 F3000
G1 X6.200 Y71.200 F3000
G1 X6.600 Y71.400 F3000
G1 X6.600 Y76.400 F3000
G1 X6.600 Y70.200 F3000
G1 X9.400 Y67.400 F3000
M5 ; laser off
G0 X2.200 Y66.600
M3 ; laser on
G1 X2.200 Y66.600 F3000
G1 X2.200 Y69.400 F3000
M5 ; laser off
G0 X42.400 Y66.400
M3 ; laser on
G1 X42.400 Y66.400 F3000
G1 X42.600 Y66.600 F3000
M5 ; laser off
G0 X15.000 Y66.600
M3 ; laser on
G1 X15.000 Y66.600 F3000
G1 X15.000 Y67.200 F3000
G1 X14.600 Y67.400 F3000
G1 X13.000 Y69.200 F3000
G1 X12.800 Y69.000 F3000
G1 X12.600 Y69.200 F3000
G1 X12.400 Y68.800 F3000
G1 X13.000 Y68.200 F3000
G1 X13.200 Y68.200 F3000
G1 X13.400 Y67.800 F3000
G1 X13.200 Y67.400 F3000
G1 X13.400 Y67.200 F3000
G1 X13.400 Y66.600 F3000
G1 X13.200 Y66.200 F3000
G1 X13.400 Y66.600 F3000
G1 X13.400 Y67.200 F3000
G1 X10.400 Y70.200 F3000
G1 X10.600 Y70.600 F3000
G1 X10.600 Y71.000 F3000
G1 X10.400 Y71.200 F3000
G1 X10.400 Y71.600 F3000
G1 X10.600 Y71.800 F3000
G1 X10.600 Y72.200 F3000
G1 X10.400 Y72.400 F3000
G1 X10.600 Y72.800 F3000
G1 X10.400 Y73.200 F3000
G1 X10.400 Y76.400 F3000
G1 X10.400 Y73.200 F3000
G1 X10.600 Y73.000 F3000
G1 X10.400 Y72.600 F3000
G1 X10.600 Y72.200 F3000
G1 X10.400 Y71.200 F3000
G1 X10.600 Y71.000 F3000
G1 X10.600 Y70.600 F3000
G1 X11.000 Y70.200 F3000
G1 X10.600 Y70.600 F3000
G1 X10.400 Y70.200 F3000
G1 X11.000 Y69.800 F3000
G1 X11.000 Y69.600 F3000
G1 X13.200 Y67.400 F3000
G1 X13.400 Y67.600 F3000
G1 X13.400 Y67.800 F3000
G1 X11.400 Y69.800 F3000
G1 X12.200 Y69.000 F3000
G1 X12.800 Y69.400 F3000
G1 X12.200 Y70.000 F3000
G1 X12.000 Y69.800 F3000
G1 X12.200 Y70.000 F3000
G1 X12.000 Y70.200 F3000
G1 X12.200 Y70.400 F3000
G1 X12.200 Y76.400 F3000
G1 X12.200 Y70.000 F3000
G1 X14.200 Y68.000 F3000
G1 X14.400 Y67.600 F3000
G1 X15.000 Y67.200 F3000
G1 X15.200 Y67.400 F3000
G1 X15.000 Y67.200 F3000
M5 ; laser off
G0 X13.800 Y65.800
M3 ; laser on
G1 X13.800 Y65.800 F3000
G1 X13.800 Y66.600 F3000
G1 X14.400 Y66.800 F3000
G1 X14.600 Y66.600 F3000
G1 X14.200 Y66.800 F3000
G1 X13.800 Y66.400 F3000
G1 X13.800 Y66.000 F3000
G1 X14.000 Y65.800 F3000
G1 X14.400 Y65.800 F3000
G1 X14.600 Y66.200 F3000
G1 X14.600 Y65.800 F3000
M5 ; laser off
G0 X8.200 Y65.800
M3 ; laser on
G1 X8.200 Y65.800 F3000
G1 X8.200 Y66.600 F3000
G1 X8.400 Y66.800 F3000
G1 X9.000 Y66.800 F3000
G1 X9.000 Y66.600 F3000
G1 X8.800 Y66.800 F3000
G1 X8.400 Y66.800 F3000
G1 X8.200 Y66.600 F3000
G1 X8.400 Y66.200 F3000
G1 X8.200 Y66.000 F3000
G1 X8.400 Y65.800 F3000
G1 X8.800 Y65.800 F3000
G1 X9.000 Y66.000 F3000
G1 X8.800 Y66.200 F3000
G1 X9.000 Y66.200 F3000
G1 X9.000 Y65.800 F3000
M5 ; laser off
G0 X39.800 Y65.400
M3 ; laser on
G1 X39.800 Y65.400 F3000
G1 X41.400 Y65.400 F3000
G1 X41.600 Y65.600 F3000
G1 X41.400 Y65.800 F3000
G1 X41.000 Y65.800 F3000
G1 X41.400 Y65.800 F3000
G1 X41.600 Y65.600 F3000
G1 X41.400 Y65.400 F3000
M5 ; laser off
G0 X7.000 Y65.200
M3 ; laser on
G1 X7.000 Y65.200 F3000
G1 X7.200 Y65.200 F3000
M5 ; laser off
G0 X2.800 Y64.600
M3 ; laser on
G1 X2.800 Y64.600 F3000
G1 X1.600 Y66.000 F3000
G1 X1.400 Y65.800 F3000
G1 X1.800 Y66.200 F3000
G1 X1.800 Y69.400 F3000
G1 X1.200 Y70.000 F3000
G1 X1.400 Y70.800 F3000
G1 X1.600 Y71.000 F3000
G1 X1.600 Y71.400 F3000
G1 X1.400 Y71.600 F3000
G1 X1.400 Y72.600 F3000
G1 X1.600 Y72.800 F3000
G1 X2.000 Y72.600 F3000
G1 X1.800 Y72.400 F3000
G1 X1.800 Y72.000 F3000
G1 X2.600 Y71.600 F3000
G1 X2.000 Y71.800 F3000
G1 X1.600 Y71.400 F3000
G1 X1.600 Y71.000 F3000
G1 X1.800 Y70.800 F3000
G1 X2.600 Y71.200 F3000
G1 X2.600 Y70.800 F3000
G1 X2.000 Y70.600 F3000
G1 X1.600 Y71.000 F3000
G1 X1.400 Y70.800 F3000
G1 X1.400 Y70.400 F3000
G1 X2.000 Y69.800 F3000
G1 X1.400 Y70.400 F3000
G1 X1.200 Y70.000 F3000
G1 X1.800 Y69.400 F3000
G1 X1.800 Y65.800 F3000
G1 X2.800 Y64.800 F3000
M5 ; laser off
G0 X4.800 Y64.200
M3 ; laser on
G1 X4.800 Y64.200 F3000
G1 X4.800 Y64.400 F3000
G1 X5.600 Y65.200 F3000
G1 X5.600 Y65.600 F3000
G1 X5.600 Y65.200 F3000
G1 X4.800 Y64.400 F3000
M5 ; laser off
G0 X39.600 Y63.800
M3 ; laser on
G1 X39.600 Y63.800 F3000
G1 X39.800 Y64.200 F3000
G1 X40.000 Y63.800 F3000
G1 X40.600 Y63.800 F3000
G1 X40.800 Y64.000 F3000
G1 X40.600 Y64.200 F3000
G1 X40.800 Y64.200 F3000
G1 X41.000 Y63.800 F3000
G1 X45.200 Y63.800 F3000
G1 X45.400 Y64.000 F3000
G1 X45.400 Y63.800 F3000
M5 ; laser off
G0 X16.400 Y63.800
M3 ; laser on
G1 X16.400 Y63.800 F3000
G1 X16.800 Y64.200 F3000
G1 X17.000 Y64.200 F3000
G1 X16.600 Y63.800 F3000
M5 ; laser off
G0 X45.800 Y63.600
M3 ; laser on
G1 X45.800 Y63.600 F3000
G1 X45.800 Y63.800 F3000
G1 X46.200 Y64.000 F3000
G1 X46.000 Y64.400 F3000
G1 X45.800 Y64.200 F3000
G1 X46.000 Y64.400 F3000
G1 X46.000 Y65.400 F3000
G1 X45.400 Y66.000 F3000
G1 X45.000 Y65.800 F3000
G1 X44.200 Y65.800 F3000
G1 X44.000 Y66.000 F3000
G1 X44.000 Y66.600 F3000
G1 X44.200 Y66.800 F3000
G1 X44.800 Y66.800 F3000
G1 X45.200 Y66.400 F3000
G1 X45.600 Y66.400 F3000
G1 X45.000 Y66.400 F3000
G1 X44.600 Y66.800 F3000
G1 X44.400 Y66.800 F3000
G1 X44.000 Y66.400 F3000
G1 X44.200 Y66.000 F3000
G1 X44.600 Y66.200 F3000
G1 X44.200 Y66.000 F3000
G1 X44.400 Y65.800 F3000
G1 X45.600 Y66.000 F3000
G1 X46.000 Y65.400 F3000
G1 X46.200 Y65.600 F3000
G1 X46.200 Y66.000 F3000
G1 X46.000 Y66.200 F3000
G1 X46.200 Y66.000 F3000
G1 X46.200 Y65.600 F3000
G1 X46.000 Y65.400 F3000
G1 X46.000 Y64.400 F3000
G1 X46.200 Y64.000 F3000
M5 ; laser off
G0 X18.200 Y63.400
M3 ; laser on
G1 X18.200 Y63.400 F3000
G1 X19.000 Y64.200 F3000
G1 X19.000 Y65.400 F3000
G1 X18.800 Y65.600 F3000
G1 X18.800 Y66.600 F3000
G1 X18.200 Y67.200 F3000
G1 X18.000 Y67.200 F3000
G1 X17.800 Y67.600 F3000
G1 X18.800 Y66.600 F3000
G1 X19.000 Y66.800 F3000
G1 X18.800 Y66.600 F3000
G1 X19.000 Y64.200 F3000
G1 X18.600 Y63.800 F3000
G1 X18.600 Y63.600 F3000
M5 ; laser off
G0 X0.200 Y62.600
M3 ; laser on
G1 X0.200 Y62.600 F3000
G1 X0.000 Y62.800 F3000
G1 X0.200 Y63.000 F3000
G1 X0.200 Y63.600 F3000
G1 X0.800 Y64.000 F3000
G1 X1.200 Y63.800 F3000
G1 X0.800 Y64.000 F3000
G1 X0.400 Y63.600 F3000
G1 X0.800 Y63.200 F3000
G1 X0.400 Y63.000 F3000
G1 X0.600 Y62.800 F3000
G1 X1.000 Y62.800 F3000
G1 X1.200 Y63.000 F3000
G1 X1.200 Y63.400 F3000
G1 X1.200 Y62.800 F3000
G1 X0.400 Y62.800 F3000
M5 ; laser off
G0 X37.200 Y61.400
M3 ; laser on
G1 X37.200 Y61.400 F3000
G1 X37.400 Y61.600 F3000
M5 ; laser off
G0 X49.600 Y60.400
M3 ; laser on
G1 X49.600 Y60.400 F3000
G1 X49.800 Y60.400 F3000
M5 ; laser off
G0 X39.800 Y60.400
M3 ; laser on
G1 X39.800 Y60.400 F3000
G1 X39.400 Y60.800 F3000
G1 X38.200 Y60.800 F3000
G1 X39.600 Y60.800 F3000
M5 ; laser off
G0 X36.200 Y60.000
M3 ; laser on
G1 X36.200 Y60.000 F3000
G1 X36.200 Y60.400 F3000
G1 X36.000 Y60.600 F3000
G1 X36.200 Y60.400 F3000
G1 X36.400 Y60.600 F3000
G1 X36.200 Y60.400 F3000
M5 ; laser off
G0 X48.200 Y60.200
M3 ; laser on
G1 X48.200 Y60.200 F3000
G1 X48.400 Y60.600 F3000
G1 X49.200 Y60.600 F3000
G1 X49.200 Y60.200 F3000
G1 X49.400 Y60.000 F3000
G1 X49.800 Y60.000 F3000
G1 X49.400 Y60.000 F3000
G1 X48.600 Y59.600 F3000
M5 ; laser off
G0 X12.600 Y59.000
M3 ; laser on
G1 X12.600 Y59.000 F3000
G1 X12.600 Y64.200 F3000
G1 X13.400 Y64.800 F3000
G1 X13.400 Y65.800 F3000
G1 X13.400 Y64.800 F3000
G1 X12.600 Y64.000 F3000
M5 ; laser off
G0 X7.000 Y59.000
M3 ; laser on
G1 X7.000 Y59.000 F3000
G1 X7.000 Y64.600 F3000
G1 X7.400 Y64.800 F3000
G1 X7.800 Y65.400 F3000
G1 X7.800 Y67.800 F3000
G1 X7.400 Y68.000 F3000
G1 X7.400 Y68.200 F3000
G1 X5.800 Y69.800 F3000
G1 X5.600 Y69.800 F3000
G1 X5.600 Y76.400 F3000
G1 X5.600 Y70.000 F3000
G1 X6.200 Y69.400 F3000
G1 X6.400 Y69.800 F3000
G1 X6.200 Y69.400 F3000
G1 X7.800 Y67.800 F3000
G1 X7.800 Y65.200 F3000
G1 X7.000 Y64.400 F3000
M5 ; laser off
G0 X37.800 Y58.600
M3 ; laser on
G1 X37.800 Y58.600 F3000
G1 X37.800 Y59.200 F3000
M5 ; laser off
G0 X2.400 Y58.400
M3 ; laser on
G1 X2.400 Y58.400 F3000
G1 X1.800 Y58.400 F3000
G1 X1.600 Y58.600 F3000
G1 X1.600 Y59.200 F3000
G1 X1.800 Y59.400 F3000
G1 X2.600 Y59.400 F3000
G1 X2.800 Y59.600 F3000
G1 X2.800 Y60.400 F3000
G1 X2.600 Y60.600 F3000
G1 X2.200 Y60.200 F3000
G1 X2.400 Y60.000 F3000
G1 X1.600 Y60.600 F3000
G1 X1.600 Y61.400 F3000
G1 X2.000 Y61.600 F3000
G1 X2.600 Y61.400 F3000
G1 X2.800 Y61.600 F3000
G1 X2.800 Y62.800 F3000
G1 X2.400 Y63.200 F3000
G1 X2.200 Y63.000 F3000
G1 X2.000 Y63.400 F3000
G1 X2.000 Y65.000 F3000
G1 X1.800 Y65.200 F3000
G1 X1.600 Y65.000 F3000
G1 X1.600 Y63.600 F3000
G1 X1.600 Y64.800 F3000
G1 X1.400 Y65.000 F3000
G1 X1.200 Y64.600 F3000
G1 X0.800 Y64.400 F3000
G1 X0.200 Y65.200 F3000
G1 X0.000 Y65.000 F3000
G1 X0.200 Y66.400 F3000
G1 X0.200 Y65.600 F3000
G1 X0.000 Y65.400 F3000
G1 X0.800 Y64.400 F3000
G1 X1.400 Y65.000 F3000
G1 X0.800 Y65.600 F3000
G1 X0.600 Y65.400 F3000
G1 X1.000 Y65.800 F3000
G1 X0.800 Y66.200 F3000
G1 X0.600 Y66.000 F3000
G1 X0.800 Y66.200 F3000
G1 X0.600 Y66.600 F3000
G1 X0.800 Y66.800 F3000
G1 X0.800 Y73.200 F3000
G1 X0.600 Y73.400 F3000
G1 X0.800 Y73.800 F3000
G1 X0.600 Y74.200 F3000
G1 X0.800 Y74.400 F3000
G1 X0.600 Y74.200 F3000
G1 X0.800 Y73.800 F3000
G1 X1.600 Y74.600 F3000
G1 X1.600 Y75.000 F3000
G1 X1.400 Y75.200 F3000
G1 X1.200 Y75.000 F3000
G1 X0.400 Y75.000 F3000
G1 X0.200 Y74.600 F3000
G1 X0.000 Y74.600 F3000
G1 X0.400 Y75.000 F3000
G1 X0.200 Y75.400 F3000
G1 X0.400 Y76.000 F3000
G1 X1.200 Y76.000 F3000
G1 X1.400 Y75.200 F3000
G1 X1.800 Y74.800 F3000
G1 X2.000 Y75.000 F3000
G1 X2.000 Y76.400 F3000
G1 X2.000 Y74.400 F3000
G1 X2.200 Y74.200 F3000
G1 X2.000 Y74.400 F3000
G1 X1.400 Y73.600 F3000
G1 X0.800 Y73.200 F3000
G1 X0.800 Y66.800 F3000
G1 X0.600 Y66.600 F3000
G1 X1.000 Y66.000 F3000
G1 X1.000 Y65.600 F3000
G1 X1.600 Y65.000 F3000
G1 X1.800 Y65.200 F3000
G1 X2.000 Y65.000 F3000
G1 X2.000 Y63.400 F3000
G1 X2.600 Y63.200 F3000
G1 X2.800 Y63.600 F3000
G1 X2.600 Y63.200 F3000
G1 X2.800 Y62.800 F3000
G1 X2.800 Y61.600 F3000
G1 X2.600 Y61.400 F3000
G1 X2.800 Y59.600 F3000
M5 ; laser off
G0 X44.200 Y57.000
M3 ; laser on
G1 X44.200 Y57.000 F3000
G1 X44.600 Y56.800 F3000
G1 X49.000 Y56.800 F3000
G1 X49.200 Y57.000 F3000
G1 X49.800 Y57.000 F3000
G1 X49.200 Y57.000 F3000
G1 X49.000 Y56.800 F3000
G1 X44.600 Y56.800 F3000
G1 X44.400 Y56.600 F3000
G1 X44.400 Y56.000 F3000
G1 X44.600 Y55.800 F3000
G1 X49.800 Y55.800 F3000
G1 X44.600 Y55.800 F3000
G1 X44.400 Y56.000 F3000
G1 X44.400 Y56.600 F3000
G1 X44.600 Y56.800 F3000
M5 ; laser off
G0 X43.800 Y56.800
M3 ; laser on
G1 X43.800 Y56.800 F3000
G1 X44.000 Y56.600 F3000
G1 X44.000 Y55.800 F3000
G1 X44.400 Y55.400 F3000
G1 X49.800 Y55.400 F3000
G1 X44.400 Y55.400 F3000
G1 X44.000 Y55.800 F3000
G1 X43.800 Y55.600 F3000
G1 X44.000 Y55.800 F3000
G1 X44.000 Y56.600 F3000
M5 ; laser off
G0 X1.800 Y55.400
M3 ; laser on
G1 X1.800 Y55.400 F3000
G1 X1.600 Y55.600 F3000
G1 X1.600 Y56.200 F3000
G1 X1.800 Y56.400 F3000
G1 X2.400 Y56.400 F3000
G1 X2.600 Y56.200 F3000
G1 X2.800 Y56.400 F3000
G1 X2.800 Y58.200 F3000
G1 X2.800 Y56.400 F3000
G1 X2.600 Y56.200 F3000
G1 X2.600 Y55.600 F3000
G1 X2.400 Y55.400 F3000
M5 ; laser off
G0 X40.000 Y55.000
M3 ; laser on
G1 X40.000 Y55.000 F3000
G1 X39.600 Y55.200 F3000
G1 X39.600 Y60.000 F3000
G1 X39.200 Y60.400 F3000
G1 X38.200 Y60.400 F3000
G1 X37.800 Y60.000 F3000
G1 X38.200 Y60.400 F3000
G1 X39.200 Y60.400 F3000
G1 X39.600 Y60.000 F3000
G1 X39.600 Y55.400 F3000
M5 ; laser off
G0 X40.400 Y54.800
M3 ; laser on
G1 X40.400 Y54.800 F3000
G1 X41.200 Y54.800 F3000
G1 X41.400 Y55.000 F3000
G1 X41.200 Y55.200 F3000
G1 X40.400 Y55.200 F3000
G1 X40.000 Y55.600 F3000
G1 X40.000 Y60.000 F3000
G1 X40.400 Y60.200 F3000
G1 X40.000 Y60.000 F3000
G1 X40.000 Y55.600 F3000
G1 X40.200 Y55.400 F3000
G1 X40.800 Y55.600 F3000
G1 X40.200 Y55.400 F3000
G1 X40.400 Y55.200 F3000
G1 X41.200 Y55.200 F3000
G1 X41.600 Y55.600 F3000
G1 X41.600 Y60.000 F3000
G1 X41.200 Y60.200 F3000
G1 X41.600 Y60.400 F3000
G1 X41.600 Y60.800 F3000
G1 X42.200 Y61.400 F3000
G1 X42.200 Y61.800 F3000
G1 X42.600 Y61.800 F3000
G1 X42.800 Y61.400 F3000
G1 X44.000 Y61.400 F3000
G1 X44.400 Y61.000 F3000
G1 X44.600 Y61.400 F3000
G1 X44.400 Y61.000 F3000
G1 X44.600 Y60.800 F3000
G1 X44.600 Y59.000 F3000
G1 X44.800 Y58.800 F3000
G1 X44.800 Y58.000 F3000
G1 X44.600 Y57.800 F3000
G1 X44.200 Y57.800 F3000
G1 X43.800 Y58.200 F3000
G1 X43.800 Y58.600 F3000
G1 X44.200 Y59.000 F3000
G1 X44.200 Y60.600 F3000
G1 X43.800 Y61.000 F3000
G1 X42.400 Y61.000 F3000
G1 X42.000 Y60.600 F3000
G1 X42.000 Y55.600 F3000
G1 X42.000 Y60.600 F3000
G1 X42.400 Y61.000 F3000
G1 X43.800 Y61.000 F3000
G1 X44.200 Y60.600 F3000
G1 X44.200 Y58.800 F3000
G1 X43.800 Y58.200 F3000
G1 X44.400 Y57.800 F3000
G1 X44.600 Y58.000 F3000
G1 X44.400 Y58.200 F3000
G1 X44.600 Y58.000 F3000
G1 X44.800 Y58.600 F3000
G1 X44.600 Y58.800 F3000
G1 X44.600 Y60.800 F3000
G1 X44.000 Y61.400 F3000
G1 X42.200 Y61.400 F3000
G1 X41.600 Y60.800 F3000
G1 X41.600 Y55.600 F3000
G1 X41.200 Y55.200 F3000
G1 X41.400 Y55.000 F3000
G1 X41.800 Y55.200 F3000
G1 X41.600 Y55.000 F3000
G1 X41.800 Y54.800 F3000
G1 X41.600 Y55.000 F3000
G1 X41.400 Y54.800 F3000
M5 ; laser off
G0 X25.200 Y54.400
M3 ; laser on
G1 X25.200 Y54.400 F3000
G1 X25.000 Y54.600 F3000
G1 X25.000 Y55.400 F3000
G1 X25.800 Y55.400 F3000
G1 X26.000 Y55.200 F3000
G1 X26.000 Y54.800 F3000
G1 X25.600 Y54.400 F3000
M5 ; laser off
G0 X21.400 Y54.400
M3 ; laser on
G1 X21.400 Y54.400 F3000
G1 X21.400 Y66.200 F3000
G1 X19.200 Y68.400 F3000
G1 X19.200 Y70.200 F3000
G1 X20.400 Y71.400 F3000
G1 X41.000 Y71.600 F3000
G1 X20.400 Y71.400 F3000
G1 X19.200 Y70.200 F3000
G1 X19.200 Y68.400 F3000
G1 X21.400 Y66.200 F3000
M5 ; laser off
G0 X39.800 Y53.800
M3 ; laser on
G1 X39.800 Y53.800 F3000
G1 X43.000 Y53.800 F3000
M5 ; laser off
G0 X39.400 Y53.000
M3 ; laser on
G1 X39.400 Y53.000 F3000
G1 X39.600 Y53.400 F3000
G1 X46.200 Y53.400 F3000
G1 X46.400 Y53.600 F3000
G1 X46.800 Y53.400 F3000
G1 X49.000 Y53.400 F3000
G1 X49.200 Y53.600 F3000
G1 X49.400 Y53.400 F3000
G1 X49.800 Y53.400 F3000
G1 X49.400 Y53.400 F3000
G1 X49.200 Y53.600 F3000
G1 X49.000 Y53.400 F3000
G1 X46.800 Y53.400 F3000
G1 X46.600 Y53.600 F3000
G1 X46.200 Y53.400 F3000
G1 X40.400 Y53.400 F3000
G1 X40.200 Y53.200 F3000
G1 X40.400 Y53.000 F3000
G1 X42.600 Y53.000 F3000
G1 X40.400 Y53.000 F3000
G1 X40.200 Y52.800 F3000
G1 X40.000 Y53.000 F3000
G1 X40.200 Y53.200 F3000
G1 X39.800 Y53.400 F3000
M5 ; laser off
G0 X39.400 Y52.400
M3 ; laser on
G1 X39.400 Y52.400 F3000
G1 X39.800 Y52.000 F3000
G1 X40.600 Y52.000 F3000
G1 X40.800 Y52.200 F3000
G1 X40.600 Y52.600 F3000
G1 X40.800 Y52.200 F3000
G1 X41.000 Y52.600 F3000
G1 X40.800 Y52.200 F3000
G1 X41.000 Y52.000 F3000
G1 X41.400 Y52.000 F3000
G1 X41.600 Y52.400 F3000
G1 X41.800 Y52.000 F3000
G1 X43.000 Y52.000 F3000
G1 X43.200 Y52.200 F3000
G1 X43.400 Y52.000 F3000
G1 X48.000 Y52.000 F3000
G1 X39.800 Y52.000 F3000
G1 X39.400 Y52.200 F3000
M5 ; laser off
G0 X38.800 Y51.600
M3 ; laser on
G1 X38.800 Y51.600 F3000
G1 X39.200 Y51.800 F3000
G1 X38.800 Y52.000 F3000
G1 X39.000 Y52.200 F3000
G1 X39.000 Y53.200 F3000
G1 X39.000 Y52.000 F3000
G1 X39.400 Y51.800 F3000
M5 ; laser off
G0 X49.200 Y50.800
M3 ; laser on
G1 X49.200 Y50.800 F3000
G1 X49.200 Y51.000 F3000
G1 X48.400 Y51.800 F3000
G1 X48.600 Y52.000 F3000
G1 X48.400 Y51.800 F3000
G1 X49.200 Y51.000 F3000
M5 ; laser off
G0 X38.000 Y50.800
M3 ; laser on
G1 X38.000 Y50.800 F3000
G1 X37.800 Y51.000 F3000
M5 ; laser off
G0 X36.200 Y50.600
M3 ; laser on
G1 X36.200 Y50.600 F3000
G1 X36.200 Y59.600 F3000
M5 ; laser off
G0 X37.800 Y50.200
M3 ; laser on
G1 X37.800 Y50.200 F3000
G1 X38.000 Y50.400 F3000
M5 ; laser off
G0 X20.000 Y49.600
M3 ; laser on
G1 X20.000 Y49.600 F3000
G1 X20.000 Y66.800 F3000
M5 ; laser off
G0 X1.800 Y49.600
M3 ; laser on
G1 X1.800 Y49.600 F3000
G1 X1.600 Y49.800 F3000
G1 X1.600 Y50.400 F3000
G1 X1.800 Y50.600 F3000
G1 X2.400 Y50.600 F3000
G1 X2.600 Y50.400 F3000
G1 X2.800 Y50.600 F3000
G1 X2.800 Y51.200 F3000
G1 X2.400 Y51.400 F3000
G1 X2.600 Y51.400 F3000
G1 X2.800 Y51.800 F3000
G1 X2.600 Y52.000 F3000
G1 X2.400 Y51.800 F3000
G1 X1.800 Y51.800 F3000
G1 X1.600 Y52.000 F3000
G1 X1.600 Y52.800 F3000
G1 X1.400 Y53.000 F3000
G1 X1.600 Y53.200 F3000
G1 X1.400 Y53.000 F3000
G1 X1.600 Y52.800 F3000
G1 X2.600 Y52.800 F3000
G1 X2.800 Y53.000 F3000
G1 X2.800 Y55.200 F3000
G1 X2.800 Y53.000 F3000
G1 X2.600 Y52.800 F3000
G1 X2.600 Y52.000 F3000
G1 X2.800 Y51.800 F3000
G1 X2.800 Y50.600 F3000
G1 X2.600 Y50.400 F3000
G1 X2.600 Y49.800 F3000
G1 X2.400 Y49.600 F3000
M5 ; laser off
G0 X2.600 Y49.200
M3 ; laser on
G1 X2.600 Y49.200 F3000
G1 X2.800 Y49.400 F3000
M5 ; laser off
G0 X5.000 Y48.400
M3 ; laser on
G1 X5.000 Y48.400 F3000
G1 X5.000 Y60.200 F3000
G1 X4.800 Y60.400 F3000
G1 X4.800 Y61.800 F3000
G1 X5.000 Y62.200 F3000
G1 X4.600 Y62.800 F3000
G1 X4.800 Y62.600 F3000
G1 X5.000 Y62.800 F3000
G1 X4.800 Y63.200 F3000
G1 X4.800 Y63.600 F3000
G1 X5.000 Y63.800 F3000
G1 X4.800 Y63.600 F3000
G1 X4.800 Y63.200 F3000
G1 X5.000 Y63.000 F3000
G1 X4.800 Y62.600 F3000
G1 X5.000 Y62.200 F3000
G1 X4.800 Y61.800 F3000
G1 X4.800 Y60.400 F3000
G1 X5.000 Y60.200 F3000
M5 ; laser off
G0 X18.000 Y48.200
M3 ; laser on
G1 X18.000 Y48.200 F3000
G1 X18.000 Y57.200 F3000
G1 X17.800 Y57.400 F3000
G1 X18.000 Y57.800 F3000
G1 X17.800 Y58.200 F3000
G1 X18.000 Y58.400 F3000
G1 X18.000 Y58.800 F3000
G1 X17.800 Y59.000 F3000
G1 X18.000 Y59.200 F3000
G1 X17.800 Y59.400 F3000
G1 X17.800 Y63.600 F3000
G1 X18.400 Y64.200 F3000
G1 X18.200 Y64.400 F3000
G1 X18.400 Y64.200 F3000
G1 X18.600 Y64.400 F3000
G1 X17.800 Y63.600 F3000
G1 X17.800 Y59.400 F3000
G1 X18.000 Y59.200 F3000
G1 X17.800 Y59.000 F3000
G1 X18.000 Y58.800 F3000
G1 X18.000 Y58.400 F3000
G1 X17.800 Y58.200 F3000
G1 X18.000 Y58.000 F3000
G1 X17.800 Y57.600 F3000
G1 X18.000 Y57.200 F3000
M5 ; laser off
G0 X14.000 Y48.200
M3 ; laser on
G1 X14.000 Y48.200 F3000
G1 X14.000 Y63.800 F3000
M5 ; laser off
G0 X6.800 Y48.200
M3 ; laser on
G1 X6.800 Y48.200 F3000
G1 X6.800 Y49.200 F3000
G1 X6.600 Y49.400 F3000
G1 X6.800 Y49.600 F3000
G1 X6.800 Y50.600 F3000
G1 X6.600 Y50.800 F3000
G1 X6.800 Y51.000 F3000
G1 X6.800 Y51.600 F3000
G1 X6.600 Y51.800 F3000
G1 X6.600 Y52.400 F3000
G1 X6.800 Y52.600 F3000
G1 X6.600 Y52.800 F3000
G1 X6.600 Y53.200 F3000
G1 X6.800 Y53.400 F3000
G1 X6.600 Y53.600 F3000
G1 X6.800 Y54.000 F3000
G1 X6.600 Y54.200 F3000
G1 X6.800 Y54.600 F3000
G1 X6.600 Y54.800 F3000
G1 X6.600 Y64.600 F3000
G1 X6.600 Y54.800 F3000
G1 X6.800 Y54.600 F3000
G1 X6.600 Y54.400 F3000
G1 X6.800 Y54.000 F3000
G1 X6.600 Y53.800 F3000
G1 X6.800 Y53.400 F3000
G1 X6.600 Y53.200 F3000
G1 X6.600 Y52.800 F3000
G1 X6.800 Y52.600 F3000
G1 X6.600 Y52.400 F3000
G1 X6.600 Y51.800 F3000
G1 X6.800 Y51.600 F3000
G1 X6.800 Y51.000 F3000
G1 X6.600 Y50.800 F3000
G1 X6.800 Y50.600 F3000
G1 X6.800 Y49.600 F3000
G1 X6.600 Y49.400 F3000
G1 X6.800 Y49.200 F3000
M5 ; laser off
G0 X19.600 Y48.000
M3 ; laser on
G1 X19.600 Y48.000 F3000
G1 X19.600 Y66.800 F3000
G1 X18.200 Y68.200 F3000
G1 X18.600 Y68.000 F3000
G1 X18.800 Y67.600 F3000
G1 X19.600 Y66.800 F3000
M5 ; laser off
G0 X38.400 Y47.600
M3 ; laser on
G1 X38.400 Y47.600 F3000
G1 X35.600 Y50.400 F3000
G1 X35.600 Y60.800 F3000
G1 X39.800 Y65.000 F3000
G1 X41.600 Y65.000 F3000
G1 X46.600 Y68.800 F3000
G1 X46.600 Y73.800 F3000
G1 X46.000 Y68.800 F3000
G1 X34.200 Y68.600 F3000
G1 X32.000 Y66.600 F3000
G1 X29.600 Y66.600 F3000
G1 X28.800 Y67.800 F3000
G1 X29.800 Y67.600 F3000
G1 X27.400 Y69.800 F3000
G1 X25.200 Y69.800 F3000
G1 X22.000 Y68.200 F3000
G1 X21.200 Y69.200 F3000
G1 X22.200 Y69.000 F3000
G1 X21.400 Y69.200 F3000
G1 X21.400 Y68.400 F3000
G1 X23.800 Y68.600 F3000
G1 X25.200 Y69.800 F3000
G1 X28.000 Y70.000 F3000
G1 X30.200 Y67.800 F3000
G1 X31.400 Y67.800 F3000
G1 X30.200 Y67.800 F3000
G1 X27.800 Y70.000 F3000
G1 X29.600 Y67.000 F3000
G1 X32.200 Y67.400 F3000
G1 X30.200 Y66.600 F3000
G1 X32.000 Y66.600 F3000
G1 X34.000 Y68.600 F3000
G1 X38.800 Y68.800 F3000
G1 X34.000 Y69.000 F3000
G1 X44.600 Y68.600 F3000
G1 X44.600 Y69.600 F3000
G1 X45.400 Y69.000 F3000
G1 X45.600 Y69.800 F3000
G1 X46.000 Y68.800 F3000
G1 X45.600 Y75.200 F3000
G1 X46.800 Y75.000 F3000
G1 X45.800 Y74.600 F3000
G1 X46.800 Y74.600 F3000
G1 X46.400 Y68.400 F3000
G1 X40.200 Y64.800 F3000
G1 X41.200 Y64.600 F3000
G1 X39.800 Y65.000 F3000
G1 X35.600 Y60.800 F3000
G1 X35.600 Y50.400 F3000
G1 X37.400 Y49.800 F3000
G1 X36.600 Y50.600 F3000
G1 X36.800 Y60.600 F3000
G1 X39.600 Y63.400 F3000
G1 X45.400 Y63.400 F3000
G1 X39.800 Y63.400 F3000
G1 X36.800 Y60.400 F3000
G1 X37.800 Y60.600 F3000
G1 X37.600 Y50.600 F3000
G1 X37.400 Y60.000 F3000
G1 X36.600 Y60.200 F3000
G1 X36.600 Y50.800 F3000
G1 X37.600 Y49.800 F3000
G1 X47.000 Y49.800 F3000
G1 X48.200 Y48.600 F3000
G1 X47.000 Y49.800 F3000
G1 X37.400 Y49.800 F3000
G1 X42.600 Y49.000 F3000
G1 X42.200 Y48.000 F3000
G1 X41.600 Y49.400 F3000
G1 X39.400 Y48.800 F3000
G1 X40.400 Y48.400 F3000
G1 X39.400 Y48.200 F3000
G1 X39.400 Y49.400 F3000
G1 X37.200 Y49.600 F3000
M5 ; laser off
G0 X12.800 Y47.400
M3 ; laser on
G1 X12.800 Y47.400 F3000
G1 X12.800 Y48.200 F3000
G1 X13.000 Y48.400 F3000
G1 X13.400 Y48.400 F3000
G1 X13.600 Y48.200 F3000
G1 X13.200 Y48.400 F3000
G1 X12.800 Y48.000 F3000
G1 X13.000 Y47.800 F3000
G1 X12.800 Y47.600 F3000
G1 X13.000 Y47.400 F3000
G1 X13.400 Y47.400 F3000
G1 X13.600 Y47.600 F3000
G1 X13.400 Y47.800 F3000
G1 X13.600 Y47.800 F3000
G1 X13.600 Y47.400 F3000
M5 ; laser off
G0 X7.200 Y47.400
M3 ; laser on
G1 X7.200 Y47.400 F3000
G1 X7.200 Y48.400 F3000
G1 X8.000 Y48.400 F3000
G1 X8.000 Y48.200 F3000
G1 X7.800 Y48.400 F3000
G1 X7.400 Y48.400 F3000
G1 X7.200 Y48.200 F3000
G1 X7.200 Y47.600 F3000
G1 X7.400 Y47.400 F3000
G1 X7.800 Y47.400 F3000
G1 X8.000 Y47.600 F3000
G1 X7.600 Y47.800 F3000
G1 X8.000 Y47.800 F3000
G1 X8.000 Y47.400 F3000
M5 ; laser off
G0 X18.600 Y47.200
M3 ; laser on
G1 X18.600 Y47.200 F3000
G1 X18.400 Y47.600 F3000
G1 X18.600 Y47.400 F3000
G1 X18.800 Y47.600 F3000
G1 X19.000 Y47.400 F3000
G1 X19.200 Y47.600 F3000
G1 X19.200 Y48.000 F3000
G1 X19.000 Y48.200 F3000
G1 X18.600 Y48.200 F3000
G1 X18.400 Y48.000 F3000
G1 X18.400 Y48.200 F3000
G1 X18.800 Y48.200 F3000
G1 X19.000 Y48.400 F3000
G1 X19.200 Y48.200 F3000
G1 X19.200 Y47.400 F3000
G1 X19.000 Y47.200 F3000
M5 ; laser off
G0 X4.600 Y47.000
M3 ; laser on
G1 X4.600 Y47.000 F3000
G1 X4.600 Y47.200 F3000
M5 ; laser off
G0 X46.800 Y46.800
M3 ; laser on
G1 X46.800 Y46.800 F3000
G1 X46.600 Y47.000 F3000
G1 X45.800 Y47.000 F3000
G1 X45.600 Y47.400 F3000
G1 X45.800 Y48.000 F3000
G1 X46.600 Y48.000 F3000
G1 X46.800 Y47.600 F3000
G1 X46.400 Y48.000 F3000
G1 X46.000 Y48.000 F3000
G1 X45.600 Y47.600 F3000
G1 X46.000 Y47.000 F3000
G1 X46.400 Y47.000 F3000
G1 X46.600 Y47.200 F3000
M5 ; laser off
G0 X20.000 Y46.800
M3 ; laser on
G1 X20.000 Y46.800 F3000
G1 X20.000 Y47.000 F3000
M5 ; laser off
G0 X10.000 Y46.200
M3 ; laser on
G1 X10.000 Y46.200 F3000
G1 X10.200 Y46.400 F3000
G1 X10.200 Y46.800 F3000
G1 X10.000 Y47.000 F3000
G1 X10.200 Y47.200 F3000
G1 X10.200 Y46.400 F3000
M5 ; laser off
G0 X23.200 Y45.800
M3 ; laser on
G1 X23.200 Y45.800 F3000
G1 X23.200 Y47.000 F3000
M5 ; laser off
G0 X46.600 Y45.400
M3 ; laser on
G1 X46.600 Y45.400 F3000
G1 X45.800 Y45.400 F3000
G1 X45.600 Y45.600 F3000
G1 X45.600 Y46.200 F3000
G1 X45.400 Y46.400 F3000
G1 X45.200 Y46.200 F3000
G1 X45.200 Y45.600 F3000
G1 X45.200 Y46.200 F3000
G1 X45.600 Y46.600 F3000
G1 X45.800 Y46.400 F3000
G1 X46.400 Y46.400 F3000
G1 X46.600 Y46.200 F3000
G1 X46.400 Y46.400 F3000
G1 X46.000 Y46.400 F3000
G1 X45.600 Y46.000 F3000
G1 X45.600 Y45.800 F3000
G1 X46.000 Y45.400 F3000
G1 X46.400 Y45.400 F3000
G1 X46.600 Y45.600 F3000
G1 X46.200 Y45.800 F3000
G1 X46.600 Y45.800 F3000
M5 ; laser off
G0 X22.200 Y44.600
M3 ; laser on
G1 X22.200 Y44.600 F3000
G1 X22.200 Y44.800 F3000
G1 X22.400 Y44.800 F3000
M5 ; laser off
G0 X17.200 Y44.200
M3 ; laser on
G1 X17.200 Y44.200 F3000
G1 X17.200 Y44.400 F3000
G1 X18.000 Y45.200 F3000
G1 X18.000 Y47.400 F3000
G1 X18.000 Y45.200 F3000
G1 X18.200 Y45.000 F3000
G1 X18.000 Y45.200 F3000
M5 ; laser off
G0 X42.000 Y43.600
M3 ; laser on
G1 X42.000 Y43.600 F3000
G1 X44.600 Y43.600 F3000
M5 ; laser off
G0 X1.200 Y43.600
M3 ; laser on
G1 X1.200 Y43.600 F3000
G1 X1.600 Y44.000 F3000
G1 X1.600 Y47.800 F3000
G1 X1.600 Y44.000 F3000
G1 X1.400 Y43.600 F3000
M5 ; laser off
G0 X37.400 Y43.000
M3 ; laser on
G1 X37.400 Y43.000 F3000
G1 X39.800 Y43.000 F3000
M5 ; laser off
G0 X35.800 Y41.800
M3 ; laser on
G1 X35.800 Y41.800 F3000
G1 X36.200 Y42.200 F3000
M5 ; laser off
G0 X1.400 Y41.600
M3 ; laser on
G1 X1.400 Y41.600 F3000
G1 X1.200 Y41.800 F3000
M5 ; laser off
G0 X22.600 Y42.600
M3 ; laser on
G1 X22.600 Y42.600 F3000
G1 X22.400 Y43.600 F3000
G1 X22.800 Y43.400 F3000
G1 X24.600 Y45.200 F3000
G1 X24.600 Y46.200 F3000
G1 X25.800 Y47.200 F3000
G1 X25.600 Y48.600 F3000
G1 X24.600 Y49.200 F3000
G1 X24.600 Y53.000 F3000
G1 X24.200 Y53.800 F3000
G1 X25.600 Y53.400 F3000
G1 X27.000 Y54.800 F3000
G1 X26.200 Y56.200 F3000
G1 X24.600 Y56.200 F3000
G1 X24.600 Y59.800 F3000
G1 X23.400 Y60.600 F3000
G1 X23.600 Y66.600 F3000
G1 X23.000 Y67.600 F3000
G1 X24.800 Y67.800 F3000
G1 X25.400 Y67.200 F3000
G1 X27.600 Y67.600 F3000
G1 X28.000 Y66.800 F3000
G1 X28.600 Y67.400 F3000
G1 X27.400 Y68.600 F3000
G1 X25.400 Y68.400 F3000
G1 X25.400 Y69.200 F3000
G1 X26.000 Y69.400 F3000
G1 X28.400 Y68.200 F3000
G1 X27.800 Y68.800 F3000
G1 X27.400 Y68.600 F3000
G1 X29.200 Y66.800 F3000
G1 X28.800 Y66.400 F3000
G1 X29.200 Y65.600 F3000
G1 X32.200 Y65.600 F3000
G1 X33.200 Y66.600 F3000
G1 X35.200 Y66.200 F3000
G1 X36.800 Y67.800 F3000
G1 X40.600 Y67.600 F3000
G1 X41.400 Y68.200 F3000
G1 X43.200 Y68.200 F3000
G1 X42.600 Y67.800 F3000
G1 X42.400 Y68.200 F3000
G1 X41.400 Y66.400 F3000
G1 X39.200 Y66.000 F3000
G1 X40.000 Y65.800 F3000
G1 X39.000 Y66.000 F3000
G1 X36.400 Y63.400 F3000
G1 X36.800 Y63.200 F3000
G1 X36.000 Y62.800 F3000
G1 X36.200 Y62.400 F3000
G1 X39.400 Y65.200 F3000
G1 X36.000 Y61.800 F3000
G1 X36.400 Y62.200 F3000
G1 X36.000 Y62.800 F3000
G1 X34.800 Y61.600 F3000
G1 X35.400 Y61.200 F3000
G1 X34.800 Y61.600 F3000
G1 X34.400 Y61.200 F3000
G1 X34.200 Y60.000 F3000
G1 X34.400 Y51.200 F3000
G1 X34.800 Y51.000 F3000
G1 X34.400 Y50.800 F3000
G1 X34.800 Y50.600 F3000
G1 X34.400 Y49.800 F3000
G1 X35.200 Y49.600 F3000
G1 X35.000 Y49.200 F3000
G1 X37.000 Y47.600 F3000
G1 X40.000 Y43.800 F3000
G1 X36.800 Y43.800 F3000
G1 X34.400 Y41.600 F3000
G1 X33.000 Y41.800 F3000
G1 X31.800 Y41.400 F3000
G1 X30.600 Y42.600 F3000
M5 ; laser off
G0 X29.600 Y41.000
M3 ; laser on
G1 X29.600 Y41.000 F3000
G1 X29.800 Y41.000 F3000
M5 ; laser off
G0 X26.600 Y41.000
M3 ; laser on
G1 X26.600 Y41.000 F3000
G1 X26.800 Y41.000 F3000
M5 ; laser off
G0 X32.800 Y40.800
M3 ; laser on
G1 X32.800 Y40.800 F3000
G1 X33.000 Y40.800 F3000
M5 ; laser off
G0 X37.400 Y40.400
M3 ; laser on
G1 X37.400 Y40.400 F3000
G1 X37.000 Y40.600 F3000
M5 ; laser off
G0 X36.400 Y40.400
M3 ; laser on
G1 X36.400 Y40.400 F3000
G1 X36.600 Y40.600 F3000
M5 ; laser off
G0 X35.200 Y40.400
M3 ; laser on
G1 X35.200 Y40.400 F3000
G1 X35.800 Y41.000 F3000
M5 ; laser off
G0 X31.600 Y40.400
M3 ; laser on
G1 X31.600 Y40.400 F3000
G1 X30.400 Y41.600 F3000
G1 X30.600 Y41.600 F3000
G1 X30.600 Y41.400 F3000
G1 X31.000 Y41.200 F3000
G1 X31.000 Y41.000 F3000
M5 ; laser off
G0 X29.200 Y40.400
M3 ; laser on
G1 X29.200 Y40.400 F3000
G1 X29.200 Y40.800 F3000
M5 ; laser off
G0 X34.600 Y40.200
M3 ; laser on
G1 X34.600 Y40.200 F3000
G1 X34.800 Y40.400 F3000
M5 ; laser off
G0 X33.000 Y40.200
M3 ; laser on
G1 X33.000 Y40.200 F3000
G1 X33.000 Y40.400 F3000
G1 X33.200 Y40.200 F3000
G1 X33.400 Y40.400 F3000
G1 X33.400 Y40.200 F3000
M5 ; laser off
G0 X26.600 Y40.200
M3 ; laser on
G1 X26.600 Y40.200 F3000
G1 X26.600 Y40.600 F3000
G1 X26.800 Y40.600 F3000
G1 X27.000 Y40.400 F3000
M5 ; laser off
G0 X47.800 Y40.000
M3 ; laser on
G1 X47.800 Y40.000 F3000
G1 X48.000 Y40.200 F3000
G1 X48.000 Y48.200 F3000
G1 X47.400 Y48.800 F3000
G1 X47.200 Y48.800 F3000
G1 X47.200 Y49.000 F3000
G1 X46.800 Y49.400 F3000
G1 X42.600 Y49.400 F3000
G1 X46.800 Y49.400 F3000
G1 X48.000 Y48.200 F3000
G1 X48.000 Y40.200 F3000
M5 ; laser off
G0 X34.200 Y40.000
M3 ; laser on
G1 X34.200 Y40.000 F3000
G1 X34.200 Y40.200 F3000
M5 ; laser off
G0 X11.600 Y40.000
M3 ; laser on
G1 X11.600 Y40.000 F3000
G1 X11.600 Y45.400 F3000
G1 X12.400 Y46.200 F3000
G1 X12.400 Y47.200 F3000
G1 X12.200 Y47.400 F3000
G1 X12.400 Y47.800 F3000
G1 X12.400 Y50.000 F3000
G1 X12.200 Y50.200 F3000
G1 X12.400 Y50.400 F3000
G1 X12.200 Y50.600 F3000
G1 X12.200 Y53.400 F3000
G1 X12.400 Y53.600 F3000
G1 X12.200 Y53.800 F3000
G1 X12.200 Y54.600 F3000
G1 X12.400 Y54.800 F3000
G1 X12.200 Y55.000 F3000
G1 X12.200 Y64.200 F3000
G1 X12.200 Y55.000 F3000
G1 X12.400 Y54.800 F3000
G1 X12.200 Y54.600 F3000
G1 X12.200 Y53.800 F3000
G1 X12.400 Y53.600 F3000
G1 X12.200 Y53.400 F3000
G1 X12.200 Y50.600 F3000
G1 X12.400 Y50.400 F3000
G1 X12.200 Y50.200 F3000
G1 X12.400 Y50.000 F3000
G1 X12.400 Y47.800 F3000
G1 X12.200 Y47.400 F3000
G1 X12.400 Y47.200 F3000
G1 X12.400 Y46.000 F3000
G1 X12.600 Y45.800 F3000
G1 X12.400 Y46.000 F3000
G1 X11.600 Y45.200 F3000
M5 ; laser off
G0 X6.000 Y40.000
M3 ; laser on
G1 X6.000 Y40.000 F3000
G1 X6.000 Y45.600 F3000
G1 X6.800 Y46.400 F3000
G1 X6.800 Y47.600 F3000
G1 X6.600 Y47.800 F3000
G1 X6.800 Y47.600 F3000
G1 X6.800 Y46.400 F3000
G1 X6.000 Y45.600 F3000
M5 ; laser off
G0 X42.200 Y39.800
M3 ; laser on
G1 X42.200 Y39.800 F3000
G1 X42.200 Y40.400 F3000
G1 X42.400 Y40.600 F3000
G1 X42.200 Y40.800 F3000
G1 X42.400 Y40.600 F3000
G1 X43.200 Y40.600 F3000
G1 X43.400 Y40.800 F3000
G1 X44.200 Y40.800 F3000
G1 X44.400 Y41.000 F3000
G1 X44.200 Y41.200 F3000
G1 X42.800 Y41.200 F3000
G1 X42.600 Y41.000 F3000
G1 X42.800 Y41.200 F3000
G1 X44.400 Y41.200 F3000
G1 X45.000 Y41.800 F3000
G1 X45.400 Y41.600 F3000
G1 X45.600 Y41.200 F3000
G1 X45.400 Y41.000 F3000
G1 X45.400 Y40.600 F3000
G1 X44.600 Y40.600 F3000
G1 X44.400 Y40.800 F3000
G1 X42.400 Y40.600 F3000
G1 X42.200 Y40.400 F3000
M5 ; laser off
G0 X32.800 Y39.800
M3 ; laser on
G1 X32.800 Y39.800 F3000
G1 X33.600 Y39.800 F3000
G1 X33.800 Y40.000 F3000
G1 X33.800 Y40.800 F3000
G1 X33.800 Y40.000 F3000
G1 X33.600 Y39.800 F3000
M5 ; laser off
G0 X29.200 Y40.000
M3 ; laser on
G1 X29.200 Y40.000 F3000
G1 X29.400 Y39.800 F3000
G1 X30.000 Y39.800 F3000
G1 X30.200 Y40.000 F3000
G1 X30.000 Y40.200 F3000
G1 X29.600 Y40.200 F3000
G1 X30.000 Y40.200 F3000
G1 X30.200 Y40.600 F3000
G1 X30.000 Y40.200 F3000
G1 X30.200 Y40.000 F3000
G1 X30.000 Y39.800 F3000
G1 X29.400 Y39.800 F3000
M5 ; laser off
G0 X27.200 Y40.000
M3 ; laser on
G1 X27.200 Y40.000 F3000
G1 X27.000 Y39.800 F3000
G1 X26.400 Y39.800 F3000
G1 X26.200 Y40.000 F3000
G1 X26.200 Y40.600 F3000
G1 X26.000 Y40.800 F3000
G1 X26.200 Y40.600 F3000
G1 X26.200 Y40.000 F3000
G1 X26.400 Y39.800 F3000
G1 X27.000 Y39.800 F3000
M5 ; laser off
G0 X22.200 Y39.800
M3 ; laser on
G1 X22.200 Y39.800 F3000
G1 X22.800 Y39.800 F3000
G1 X23.000 Y40.000 F3000
G1 X22.800 Y40.400 F3000
G1 X22.400 Y40.200 F3000
G1 X22.400 Y40.600 F3000
G1 X22.400 Y40.400 F3000
G1 X22.600 Y40.200 F3000
G1 X22.800 Y40.400 F3000
G1 X23.000 Y40.000 F3000
G1 X22.800 Y39.800 F3000
G1 X22.200 Y39.800 F3000
G1 X22.000 Y40.000 F3000
G1 X22.000 Y40.800 F3000
G1 X22.200 Y41.000 F3000
G1 X22.800 Y41.000 F3000
G1 X23.000 Y40.800 F3000
G1 X22.800 Y41.000 F3000
G1 X22.200 Y41.000 F3000
G1 X22.000 Y40.800 F3000
G1 X22.000 Y40.000 F3000
M5 ; laser off
G0 X46.600 Y39.800
M3 ; laser on
G1 X46.600 Y39.800 F3000
G1 X46.400 Y41.200 F3000
G1 X46.000 Y39.600 F3000
G1 X46.200 Y42.400 F3000
G1 X45.800 Y42.400 F3000
G1 X46.200 Y43.000 F3000
G1 X45.600 Y43.600 F3000
G1 X45.000 Y43.400 F3000
G1 X45.400 Y43.200 F3000
G1 X45.200 Y42.200 F3000
G1 X44.200 Y42.200 F3000
G1 X44.200 Y42.600 F3000
G1 X37.200 Y42.600 F3000
G1 X37.000 Y42.400 F3000
G1 X37.600 Y42.200 F3000
G1 X37.000 Y42.400 F3000
G1 X36.200 Y41.600 F3000
G1 X37.200 Y42.600 F3000
G1 X36.800 Y42.800 F3000
G1 X36.600 Y42.600 F3000
G1 X44.200 Y42.600 F3000
G1 X44.600 Y43.200 F3000
G1 X45.600 Y43.600 F3000
G1 X46.200 Y43.000 F3000
G1 X46.400 Y42.200 F3000
G1 X46.600 Y43.200 F3000
G1 X45.800 Y44.000 F3000
G1 X41.400 Y43.800 F3000
G1 X41.000 Y44.200 F3000
G1 X40.600 Y43.800 F3000
G1 X41.000 Y44.400 F3000
G1 X38.600 Y46.800 F3000
G1 X38.400 Y46.600 F3000
G1 X38.600 Y46.800 F3000
G1 X37.200 Y48.200 F3000
G1 X37.000 Y48.000 F3000
G1 X37.200 Y48.200 F3000
G1 X35.200 Y50.200 F3000
G1 X34.800 Y50.200 F3000
G1 X35.200 Y50.200 F3000
G1 X35.200 Y60.800 F3000
G1 X35.200 Y50.200 F3000
G1 X41.400 Y43.800 F3000
G1 X41.800 Y44.000 F3000
G1 X38.800 Y47.200 F3000
G1 X38.800 Y47.800 F3000
G1 X39.200 Y47.800 F3000
G1 X38.800 Y47.200 F3000
G1 X39.200 Y47.200 F3000
G1 X39.200 Y46.800 F3000
G1 X40.000 Y46.000 F3000
G1 X40.200 Y46.600 F3000
G1 X40.200 Y45.800 F3000
G1 X41.800 Y44.000 F3000
G1 X45.800 Y44.000 F3000
G1 X46.600 Y43.200 F3000
G1 X46.800 Y43.600 F3000
M5 ; laser off
G0 X40.800 Y39.600
M3 ; laser on
G1 X40.800 Y39.600 F3000
G1 X41.000 Y39.800 F3000
G1 X41.000 Y40.400 F3000
G1 X40.800 Y40.600 F3000
G1 X40.200 Y40.600 F3000
G1 X40.800 Y40.600 F3000
G1 X41.000 Y40.400 F3000
G1 X41.000 Y39.800 F3000
M5 ; laser off
G0 X43.000 Y39.400
M3 ; laser on
G1 X43.000 Y39.400 F3000
G1 X42.600 Y39.400 F3000
G1 X43.000 Y39.400 F3000
G1 X43.200 Y39.600 F3000
G1 X43.000 Y40.000 F3000
G1 X42.600 Y39.800 F3000
G1 X42.600 Y40.200 F3000
G1 X42.800 Y39.800 F3000
G1 X43.000 Y40.000 F3000
G1 X43.200 Y39.800 F3000
M5 ; laser off
G0 X40.400 Y39.400
M3 ; laser on
G1 X40.400 Y39.400 F3000
G1 X40.000 Y39.600 F3000
G1 X39.600 Y40.400 F3000
G1 X40.000 Y39.800 F3000
G1 X40.200 Y40.000 F3000
G1 X40.400 Y39.800 F3000
G1 X40.600 Y40.200 F3000
G1 X40.600 Y40.000 F3000
G1 X40.200 Y39.600 F3000
M5 ; laser off
G0 X34.200 Y39.400
M3 ; laser on
G1 X34.200 Y39.400 F3000
G1 X34.400 Y39.600 F3000
M5 ; laser off
G0 X25.600 Y39.400
M3 ; laser on
G1 X25.600 Y39.400 F3000
G1 X25.200 Y39.800 F3000
G1 X24.600 Y39.800 F3000
G1 X24.400 Y40.000 F3000
G1 X24.400 Y40.800 F3000
G1 X24.200 Y41.000 F3000
G1 X23.800 Y41.000 F3000
G1 X23.600 Y40.800 F3000
G1 X23.800 Y41.000 F3000
G1 X24.200 Y41.000 F3000
G1 X24.400 Y40.800 F3000
G1 X24.400 Y40.000 F3000
G1 X24.600 Y39.800 F3000
G1 X25.200 Y39.800 F3000
G1 X25.400 Y40.000 F3000
G1 X25.200 Y40.200 F3000
G1 X24.800 Y40.200 F3000
G1 X25.200 Y40.200 F3000
G1 X25.400 Y40.000 F3000
G1 X25.200 Y39.800 F3000
M5 ; laser off
G0 X18.600 Y39.200
M3 ; laser on
G1 X18.600 Y39.200 F3000
G1 X18.600 Y42.400 F3000
G1 X21.800 Y45.600 F3000
G1 X22.000 Y48.000 F3000
G1 X21.600 Y49.400 F3000
G1 X21.200 Y48.000 F3000
G1 X21.400 Y45.800 F3000
G1 X20.800 Y45.200 F3000
G1 X21.000 Y45.400 F3000
G1 X20.600 Y46.000 F3000
G1 X21.000 Y45.400 F3000
G1 X21.400 Y45.800 F3000
G1 X21.400 Y47.200 F3000
G1 X20.200 Y47.400 F3000
G1 X20.200 Y48.200 F3000
G1 X20.600 Y48.400 F3000
G1 X21.200 Y48.000 F3000
G1 X21.400 Y48.200 F3000
G1 X21.400 Y48.800 F3000
G1 X21.000 Y49.000 F3000
G1 X21.000 Y49.400 F3000
G1 X21.400 Y49.600 F3000
G1 X21.400 Y53.800 F3000
G1 X21.400 Y49.600 F3000
G1 X21.600 Y49.400 F3000
G1 X21.800 Y49.600 F3000
G1 X21.800 Y66.200 F3000
G1 X21.800 Y48.200 F3000
G1 X22.000 Y48.000 F3000
G1 X22.400 Y48.400 F3000
G1 X22.600 Y48.200 F3000
G1 X23.200 Y48.400 F3000
G1 X23.200 Y51.400 F3000
G1 X23.000 Y47.400 F3000
G1 X21.800 Y47.200 F3000
G1 X21.800 Y45.600 F3000
G1 X21.200 Y44.800 F3000
G1 X21.400 Y44.600 F3000
G1 X21.200 Y44.800 F3000
G1 X20.200 Y43.800 F3000
G1 X20.400 Y43.600 F3000
G1 X20.200 Y43.800 F3000
G1 X18.800 Y42.400 F3000
G1 X19.000 Y42.000 F3000
G1 X18.600 Y41.800 F3000
M5 ; laser off
G0 X46.800 Y39.000
M3 ; laser on
G1 X46.800 Y39.000 F3000
G1 X47.400 Y39.600 F3000
M5 ; laser off
G0 X33.600 Y38.800
M3 ; laser on
G1 X33.600 Y38.800 F3000
G1 X33.400 Y39.000 F3000
G1 X32.600 Y39.000 F3000
G1 X32.400 Y39.200 F3000
G1 X32.000 Y39.200 F3000
G1 X32.000 Y39.400 F3000
G1 X31.400 Y40.000 F3000
G1 X31.000 Y39.600 F3000
G1 X31.400 Y39.200 F3000
G1 X31.600 Y39.200 F3000
G1 X31.400 Y39.200 F3000
G1 X31.200 Y38.800 F3000
G1 X31.400 Y39.200 F3000
G1 X31.000 Y39.600 F3000
G1 X30.800 Y39.400 F3000
G1 X31.000 Y39.800 F3000
G1 X31.400 Y40.000 F3000
G1 X30.000 Y41.400 F3000
G1 X21.600 Y41.400 F3000
G1 X20.800 Y40.600 F3000
G1 X20.800 Y40.800 F3000
G1 X21.400 Y41.400 F3000
G1 X27.200 Y41.400 F3000
G1 X27.400 Y41.600 F3000
G1 X27.200 Y41.800 F3000
G1 X21.400 Y41.800 F3000
G1 X21.400 Y42.000 F3000
G1 X21.600 Y41.800 F3000
G1 X30.000 Y41.800 F3000
G1 X27.600 Y41.800 F3000
G1 X27.400 Y41.600 F3000
G1 X27.600 Y41.400 F3000
G1 X30.000 Y41.400 F3000
G1 X31.400 Y40.000 F3000
G1 X31.600 Y40.000 F3000
G1 X31.600 Y39.800 F3000
G1 X32.200 Y39.200 F3000
G1 X32.600 Y39.400 F3000
G1 X32.000 Y40.000 F3000
G1 X32.600 Y39.400 F3000
G1 X33.600 Y39.400 F3000
G1 X32.600 Y39.400 F3000
G1 X32.400 Y39.200 F3000
G1 X32.600 Y39.000 F3000
G1 X33.400 Y39.000 F3000
M5 ; laser off
G0 X17.200 Y38.600
M3 ; laser on
G1 X17.200 Y38.600 F3000
G1 X17.200 Y39.000 F3000
M5 ; laser off
G0 X19.200 Y38.400
M3 ; laser on
G1 X19.200 Y38.400 F3000
G1 X19.000 Y38.600 F3000
M5 ; laser off
G0 X17.600 Y38.400
M3 ; laser on
G1 X17.600 Y38.400 F3000
G1 X17.600 Y43.800 F3000
G1 X19.600 Y45.800 F3000
G1 X19.600 Y47.400 F3000
G1 X19.600 Y45.800 F3000
G1 X19.800 Y45.400 F3000
G1 X19.000 Y44.600 F3000
G1 X18.800 Y44.200 F3000
G1 X19.000 Y44.000 F3000
G1 X18.800 Y44.200 F3000
G1 X18.400 Y44.000 F3000
G1 X18.000 Y43.400 F3000
G1 X18.000 Y42.600 F3000
G1 X18.200 Y42.400 F3000
G1 X18.200 Y41.400 F3000
G1 X18.000 Y41.200 F3000
G1 X18.200 Y40.000 F3000
G1 X18.000 Y39.800 F3000
G1 X18.200 Y39.600 F3000
G1 X18.200 Y39.000 F3000
G1 X18.600 Y38.600 F3000
G1 X18.200 Y39.000 F3000
G1 X18.000 Y38.800 F3000
G1 X18.200 Y38.400 F3000
G1 X18.000 Y38.400 F3000
G1 X18.000 Y38.800 F3000
G1 X18.200 Y39.000 F3000
G1 X18.200 Y39.600 F3000
G1 X18.000 Y39.800 F3000
G1 X18.200 Y40.000 F3000
G1 X18.200 Y40.600 F3000
G1 X18.000 Y40.800 F3000
G1 X18.000 Y41.200 F3000
G1 X18.200 Y41.400 F3000
G1 X18.000 Y43.600 F3000
G1 X19.800 Y45.400 F3000
G1 X19.800 Y45.600 F3000
G1 X19.600 Y45.800 F3000
G1 X17.600 Y43.800 F3000
M5 ; laser off
G0 X39.600 Y38.200
M3 ; laser on
G1 X39.600 Y38.200 F3000
G1 X39.800 Y38.200 F3000
M5 ; laser off
G0 X28.400 Y38.200
M3 ; laser on
G1 X28.400 Y38.200 F3000
G1 X27.400 Y38.200 F3000
G1 X26.200 Y39.400 F3000
G1 X26.000 Y39.400 F3000
G1 X25.800 Y39.800 F3000
G1 X27.400 Y38.200 F3000
M5 ; laser off
G0 X23.600 Y38.200
M3 ; laser on
G1 X23.600 Y38.200 F3000
G1 X23.800 Y38.600 F3000
G1 X24.400 Y38.600 F3000
G1 X24.600 Y38.400 F3000
G1 X24.400 Y38.600 F3000
G1 X23.800 Y38.600 F3000
M5 ; laser off
G0 X20.000 Y38.200
M3 ; laser on
G1 X20.000 Y38.200 F3000
G1 X19.000 Y39.200 F3000
G1 X19.000 Y41.400 F3000
G1 X19.000 Y39.200 F3000
M5 ; laser off
G0 X38.200 Y38.000
M3 ; laser on
G1 X38.200 Y38.000 F3000
G1 X38.000 Y38.200 F3000
G1 X37.600 Y38.200 F3000
G1 X38.000 Y38.200 F3000
M5 ; laser off
G0 X19.400 Y39.400
M3 ; laser on
G1 X19.400 Y39.400 F3000
G1 X19.400 Y41.400 F3000
G1 X23.600 Y45.600 F3000
G1 X23.600 Y59.200 F3000
G1 X22.400 Y60.400 F3000
G1 X22.400 Y66.000 F3000
G1 X19.600 Y68.600 F3000
G1 X19.600 Y70.000 F3000
G1 X20.600 Y71.000 F3000
G1 X42.600 Y71.000 F3000
G1 X44.200 Y72.600 F3000
G1 X44.000 Y73.000 F3000
G1 X42.400 Y71.400 F3000
G1 X44.000 Y73.000 F3000
G1 X43.800 Y76.400 F3000
G1 X44.600 Y76.400 F3000
G1 X44.400 Y72.800 F3000
G1 X42.600 Y71.000 F3000
G1 X21.600 Y70.800 F3000
G1 X43.400 Y70.400 F3000
G1 X44.200 Y71.400 F3000
G1 X43.600 Y70.200 F3000
G1 X21.200 Y70.400 F3000
G1 X20.400 Y69.600 F3000
G1 X20.600 Y68.600 F3000
G1 X20.400 Y69.600 F3000
G1 X21.600 Y70.800 F3000
G1 X20.600 Y71.000 F3000
G1 X19.600 Y70.000 F3000
G1 X19.800 Y68.400 F3000
G1 X20.800 Y70.600 F3000
G1 X20.000 Y69.800 F3000
G1 X20.000 Y68.600 F3000
G1 X21.800 Y66.800 F3000
G1 X22.200 Y67.000 F3000
G1 X21.400 Y67.800 F3000
G1 X22.600 Y67.400 F3000
G1 X22.000 Y67.200 F3000
G1 X22.800 Y66.200 F3000
G1 X22.800 Y60.600 F3000
G1 X23.600 Y59.800 F3000
G1 X23.600 Y48.600 F3000
G1 X24.800 Y48.200 F3000
G1 X24.600 Y47.200 F3000
G1 X23.600 Y47.400 F3000
G1 X23.800 Y45.200 F3000
G1 X19.400 Y41.200 F3000
G1 X19.800 Y39.800 F3000
G1 X20.600 Y40.200 F3000
G1 X20.000 Y40.200 F3000
G1 X20.000 Y41.000 F3000
G1 X20.600 Y40.000 F3000
G1 X19.400 Y39.800 F3000
G1 X19.800 Y39.000 F3000
G1 X20.600 Y39.400 F3000
G1 X19.800 Y39.000 F3000
G1 X20.800 Y38.000 F3000
M5 ; laser off
G0 X24.000 Y37.800
M3 ; laser on
G1 X24.000 Y37.800 F3000
G1 X24.000 Y38.000 F3000
G1 X24.200 Y38.000 F3000
G1 X24.200 Y37.800 F3000
M5 ; laser off
G0 X20.600 Y37.600
M3 ; laser on
G1 X20.600 Y37.600 F3000
G1 X20.400 Y37.800 F3000
M5 ; laser off
G0 X19.600 Y37.600
M3 ; laser on
G1 X19.600 Y37.600 F3000
G1 X19.200 Y38.000 F3000
M5 ; laser off
G0 X40.200 Y37.400
M3 ; laser on
G1 X40.200 Y37.400 F3000
G1 X40.200 Y37.800 F3000
M5 ; laser off
G0 X39.400 Y37.400
M3 ; laser on
G1 X39.400 Y37.400 F3000
G1 X39.400 Y37.800 F3000
G1 X39.800 Y37.800 F3000
G1 X39.800 Y37.400 F3000
M5 ; laser off
G0 X38.000 Y37.400
M3 ; laser on
G1 X38.000 Y37.400 F3000
G1 X37.600 Y37.400 F3000
G1 X37.600 Y37.800 F3000
G1 X37.800 Y37.800 F3000
M5 ; laser off
G0 X26.000 Y39.000
M3 ; laser on
G1 X26.000 Y39.000 F3000
G1 X27.200 Y37.800 F3000
G1 X33.000 Y37.800 F3000
G1 X33.200 Y38.000 F3000
G1 X32.800 Y38.200 F3000
G1 X33.200 Y38.000 F3000
G1 X33.600 Y38.400 F3000
G1 X33.800 Y38.400 F3000
G1 X36.400 Y41.000 F3000
G1 X36.200 Y41.200 F3000
G1 X36.400 Y41.000 F3000
G1 X37.800 Y41.000 F3000
G1 X38.000 Y41.200 F3000
G1 X38.400 Y41.000 F3000
G1 X39.200 Y41.400 F3000
G1 X39.800 Y41.000 F3000
G1 X42.200 Y41.200 F3000
G1 X41.000 Y41.200 F3000
G1 X40.800 Y41.000 F3000
G1 X39.800 Y41.000 F3000
G1 X39.400 Y41.200 F3000
G1 X39.200 Y40.800 F3000
G1 X38.800 Y40.800 F3000
G1 X38.600 Y41.200 F3000
G1 X38.000 Y40.800 F3000
G1 X37.800 Y41.000 F3000
G1 X36.400 Y41.000 F3000
G1 X35.400 Y40.000 F3000
G1 X35.800 Y39.800 F3000
G1 X35.400 Y39.600 F3000
G1 X35.200 Y39.800 F3000
G1 X34.800 Y39.400 F3000
G1 X35.000 Y39.200 F3000
G1 X34.400 Y38.600 F3000
G1 X34.200 Y38.800 F3000
G1 X33.200 Y37.800 F3000
G1 X33.400 Y37.600 F3000
G1 X33.200 Y37.400 F3000
G1 X32.800 Y37.400 F3000
G1 X33.200 Y37.400 F3000
G1 X33.400 Y37.600 F3000
G1 X33.200 Y37.800 F3000
G1 X27.200 Y37.800 F3000
G1 X27.000 Y37.600 F3000
G1 X27.200 Y37.400 F3000
G1 X27.000 Y37.600 F3000
G1 X27.200 Y37.800 F3000
G1 X26.800 Y38.000 F3000
M5 ; laser off
G0 X23.600 Y37.200
M3 ; laser on
G1 X23.600 Y37.200 F3000
G1 X23.800 Y37.400 F3000
G1 X23.600 Y37.800 F3000
G1 X23.800 Y37.400 F3000
G1 X24.400 Y37.400 F3000
G1 X24.600 Y37.800 F3000
G1 X24.400 Y37.400 F3000
G1 X23.800 Y37.400 F3000
M5 ; laser off
G0 X38.200 Y37.000
M3 ; laser on
G1 X38.200 Y37.000 F3000
G1 X37.400 Y37.000 F3000
G1 X37.200 Y37.200 F3000
G1 X37.200 Y38.000 F3000
G1 X37.200 Y37.200 F3000
G1 X37.400 Y37.000 F3000
M5 ; laser off
G0 X39.000 Y37.800
M3 ; laser on
G1 X39.000 Y37.800 F3000
G1 X39.000 Y37.200 F3000
G1 X39.200 Y37.000 F3000
G1 X40.000 Y37.000 F3000
G1 X39.200 Y37.000 F3000
G1 X39.000 Y36.800 F3000
G1 X39.200 Y37.000 F3000
G1 X39.000 Y37.200 F3000
M5 ; laser off
G0 X39.400 Y36.600
M3 ; laser on
G1 X39.400 Y36.600 F3000
G1 X39.800 Y36.600 F3000
M5 ; laser off
G0 X37.600 Y36.600
M3 ; laser on
G1 X37.600 Y36.600 F3000
G1 X37.800 Y36.600 F3000
M5 ; laser off
G0 X20.400 Y36.600
M3 ; laser on
G1 X20.400 Y36.600 F3000
G1 X20.000 Y37.000 F3000
G1 X19.800 Y37.000 F3000
G1 X20.000 Y37.200 F3000
M5 ; laser off
G0 X38.200 Y36.400
M3 ; laser on
G1 X38.200 Y36.400 F3000
G1 X38.400 Y36.600 F3000
M5 ; laser off
G0 X21.000 Y36.200
M3 ; laser on
G1 X21.000 Y36.200 F3000
G1 X20.800 Y36.400 F3000
M5 ; laser off
G0 X40.200 Y35.800
M3 ; laser on
G1 X40.200 Y35.800 F3000
G1 X40.200 Y36.200 F3000
M5 ; laser off
G0 X39.400 Y35.800
M3 ; laser on
G1 X39.400 Y35.800 F3000
G1 X39.400 Y36.200 F3000
G1 X39.800 Y36.200 F3000
G1 X39.800 Y35.800 F3000
M5 ; laser off
G0 X37.600 Y35.800
M3 ; laser on
G1 X37.600 Y35.800 F3000
G1 X37.600 Y36.200 F3000
G1 X37.800 Y35.800 F3000
G1 X38.000 Y36.000 F3000
M5 ; laser off
G0 X21.200 Y35.800
M3 ; laser on
G1 X21.200 Y35.800 F3000
G1 X21.400 Y35.800 F3000
M5 ; laser off
G0 X28.600 Y36.000
M3 ; laser on
G1 X28.600 Y36.000 F3000
G1 X28.400 Y35.800 F3000
G1 X27.600 Y36.000 F3000
G1 X27.400 Y35.800 F3000
G1 X27.800 Y35.600 F3000
G1 X27.400 Y35.800 F3000
G1 X25.600 Y35.800 F3000
G1 X25.400 Y36.000 F3000
G1 X24.800 Y36.000 F3000
G1 X24.600 Y35.800 F3000
G1 X22.400 Y35.800 F3000
G1 X21.400 Y36.800 F3000
G1 X22.400 Y35.800 F3000
G1 X24.600 Y35.800 F3000
G1 X24.800 Y36.000 F3000
G1 X25.400 Y36.000 F3000
G1 X25.600 Y35.800 F3000
G1 X27.400 Y35.800 F3000
G1 X27.600 Y36.000 F3000
G1 X28.000 Y36.000 F3000
G1 X28.400 Y35.800 F3000
M5 ; laser off
G0 X40.000 Y35.400
M3 ; laser on
G1 X40.000 Y35.400 F3000
G1 X39.200 Y35.400 F3000
G1 X39.000 Y35.600 F3000
G1 X39.000 Y36.200 F3000
G1 X39.000 Y35.600 F3000
G1 X39.200 Y35.400 F3000
M5 ; laser off
G0 X38.000 Y35.400
M3 ; laser on
G1 X38.000 Y35.400 F3000
G1 X38.200 Y35.600 F3000
G1 X38.000 Y35.400 F3000
G1 X37.400 Y35.400 F3000
G1 X37.200 Y35.600 F3000
G1 X37.200 Y36.400 F3000
G1 X37.200 Y35.600 F3000
G1 X37.400 Y35.400 F3000
M5 ; laser off
G0 X22.400 Y35.400
M3 ; laser on
G1 X22.400 Y35.400 F3000
G1 X22.200 Y35.400 F3000
G1 X21.800 Y35.800 F3000
G1 X22.200 Y35.400 F3000
M5 ; laser off
G0 X25.200 Y35.000
M3 ; laser on
G1 X25.200 Y35.000 F3000
G1 X25.400 Y35.000 F3000
M5 ; laser off
G0 X23.200 Y35.000
M3 ; laser on
G1 X23.200 Y35.000 F3000
G1 X23.800 Y35.000 F3000
M5 ; laser off
G0 X21.600 Y34.800
M3 ; laser on
G1 X21.600 Y34.800 F3000
G1 X20.000 Y36.400 F3000
M5 ; laser off
G0 X27.800 Y34.400
M3 ; laser on
G1 X27.800 Y34.400 F3000
G1 X27.400 Y34.600 F3000
G1 X22.400 Y34.600 F3000
G1 X21.600 Y35.400 F3000
G1 X22.600 Y34.600 F3000
G1 X27.400 Y34.600 F3000
G1 X27.800 Y34.800 F3000
G1 X27.400 Y34.600 F3000
M5 ; laser off
G0 X21.800 Y34.000
M3 ; laser on
G1 X21.800 Y34.000 F3000
G1 X20.400 Y35.400 F3000
G1 X20.200 Y35.200 F3000
G1 X20.000 Y35.400 F3000
G1 X20.200 Y35.600 F3000
G1 X18.800 Y37.000 F3000
G1 X18.600 Y36.800 F3000
G1 X18.200 Y37.200 F3000
G1 X18.400 Y37.400 F3000
G1 X18.000 Y37.800 F3000
G1 X17.800 Y37.600 F3000
G1 X18.000 Y37.800 F3000
G1 X17.800 Y38.000 F3000
G1 X18.000 Y38.000 F3000
G1 X18.400 Y37.600 F3000
G1 X18.400 Y37.400 F3000
G1 X18.800 Y37.200 F3000
G1 X19.000 Y36.800 F3000
G1 X19.200 Y36.800 F3000
G1 X19.400 Y37.000 F3000
G1 X19.200 Y37.200 F3000
G1 X19.400 Y37.200 F3000
G1 X19.200 Y36.800 F3000
G1 X19.600 Y36.400 F3000
G1 X19.600 Y36.200 F3000
G1 X21.400 Y34.400 F3000
G1 X21.600 Y34.400 F3000
M5 ; laser off
G0 X29.800 Y33.600
M3 ; laser on
G1 X29.800 Y33.600 F3000
G1 X29.600 Y33.800 F3000
G1 X29.000 Y33.800 F3000
G1 X29.600 Y33.800 F3000
M5 ; laser off
G0 X21.400 Y33.800
M3 ; laser on
G1 X21.400 Y33.800 F3000
G1 X21.000 Y33.800 F3000
G1 X20.800 Y33.600 F3000
G1 X20.600 Y33.800 F3000
G1 X20.600 Y34.200 F3000
G1 X20.600 Y33.800 F3000
G1 X20.800 Y33.600 F3000
G1 X21.000 Y33.800 F3000
M5 ; laser off
G0 X28.000 Y33.400
M3 ; laser on
G1 X28.000 Y33.400 F3000
G1 X28.200 Y34.600 F3000
M5 ; laser off
G0 X29.200 Y33.000
M3 ; laser on
G1 X29.200 Y33.000 F3000
G1 X29.000 Y33.200 F3000
G1 X29.200 Y33.000 F3000
G1 X29.400 Y33.400 F3000
G1 X29.400 Y33.000 F3000
M5 ; laser off
G0 X21.200 Y33.000
M3 ; laser on
G1 X21.200 Y33.000 F3000
G1 X21.000 Y33.200 F3000
G1 X21.400 Y33.400 F3000
G1 X21.400 Y33.000 F3000
M5 ; laser off
G0 X14.400 Y32.800
M3 ; laser on
G1 X14.400 Y32.800 F3000
G1 X14.600 Y33.000 F3000
M5 ; laser off
G0 X1.400 Y32.800
M3 ; laser on
G1 X1.400 Y32.800 F3000
G1 X1.400 Y35.000 F3000
M5 ; laser off
G0 X21.000 Y32.600
M3 ; laser on
G1 X21.000 Y32.600 F3000
G1 X20.800 Y32.800 F3000
G1 X21.000 Y32.600 F3000
G1 X21.600 Y32.600 F3000
G1 X21.800 Y32.800 F3000
G1 X21.800 Y33.600 F3000
G1 X21.800 Y32.800 F3000
G1 X21.600 Y32.600 F3000
M5 ; laser off
G0 X14.200 Y32.000
M3 ; laser on
G1 X14.200 Y32.000 F3000
G1 X14.200 Y32.400 F3000
M5 ; laser off
G0 X26.200 Y31.600
M3 ; laser on
G1 X26.200 Y31.600 F3000
G1 X26.400 Y31.800 F3000
M5 ; laser off
G0 X14.400 Y31.600
M3 ; laser on
G1 X14.400 Y31.600 F3000
G1 X14.800 Y31.200 F3000
G1 X15.000 Y31.400 F3000
G1 X17.800 Y31.400 F3000
G1 X18.000 Y31.200 F3000
G1 X17.800 Y31.400 F3000
G1 X15.000 Y31.400 F3000
G1 X14.600 Y31.200 F3000
M5 ; laser off
G0 X28.000 Y31.000
M3 ; laser on
G1 X28.000 Y31.000 F3000
G1 X28.200 Y31.400 F3000
G1 X28.000 Y31.800 F3000
G1 X28.200 Y32.000 F3000
G1 X28.200 Y32.600 F3000
G1 X28.400 Y32.800 F3000
G1 X28.200 Y32.600 F3000
G1 X28.200 Y32.000 F3000
G1 X28.000 Y31.800 F3000
G1 X28.200 Y31.600 F3000
M5 ; laser off
G0 X15.200 Y31.000
M3 ; laser on
G1 X15.200 Y31.000 F3000
G1 X15.800 Y31.000 F3000
M5 ; laser off
G0 X18.200 Y30.000
M3 ; laser on
G1 X18.200 Y30.000 F3000
G1 X18.200 Y30.800 F3000
M5 ; laser off
G0 X0.400 Y29.800
M3 ; laser on
G1 X0.400 Y29.800 F3000
G1 X0.400 Y37.000 F3000
G1 X0.200 Y37.200 F3000
G1 X0.400 Y37.400 F3000
G1 X0.400 Y41.400 F3000
M5 ; laser off
G0 X21.400 Y29.200
M3 ; laser on
G1 X21.400 Y29.200 F3000
G1 X21.000 Y29.000 F3000
G1 X21.400 Y28.800 F3000
G1 X20.800 Y29.000 F3000
M5 ; laser off
G0 X4.600 Y28.800
M3 ; laser on
G1 X4.600 Y28.800 F3000
G1 X4.600 Y46.400 F3000
G1 X5.000 Y46.800 F3000
G1 X5.000 Y47.400 F3000
G1 X5.200 Y47.600 F3000
G1 X5.400 Y48.400 F3000
G1 X5.200 Y48.000 F3000
G1 X5.400 Y47.800 F3000
G1 X6.000 Y47.800 F3000
G1 X6.200 Y48.200 F3000
G1 X5.800 Y48.400 F3000
G1 X6.200 Y48.200 F3000
G1 X6.400 Y48.400 F3000
G1 X6.400 Y48.800 F3000
G1 X6.400 Y48.400 F3000
G1 X6.200 Y48.200 F3000
G1 X6.200 Y47.400 F3000
G1 X6.400 Y47.200 F3000
G1 X6.200 Y47.400 F3000
G1 X5.400 Y47.400 F3000
G1 X5.200 Y47.600 F3000
G1 X5.000 Y47.400 F3000
G1 X5.000 Y46.600 F3000
G1 X4.800 Y46.400 F3000
G1 X5.000 Y46.200 F3000
G1 X4.800 Y46.400 F3000
G1 X4.600 Y46.200 F3000
M5 ; laser off
G0 X4.000 Y28.600
M3 ; laser on
G1 X4.000 Y28.600 F3000
G1 X3.800 Y28.800 F3000
G1 X3.800 Y29.200 F3000
G1 X3.800 Y28.800 F3000
G1 X4.000 Y28.600 F3000
G1 X4.200 Y28.800 F3000
G1 X4.200 Y35.600 F3000
G1 X4.000 Y35.800 F3000
G1 X3.800 Y35.600 F3000
G1 X4.200 Y36.000 F3000
G1 X4.000 Y36.200 F3000
G1 X3.600 Y36.000 F3000
G1 X3.800 Y36.200 F3000
G1 X3.800 Y37.000 F3000
G1 X3.800 Y36.400 F3000
G1 X4.000 Y36.200 F3000
G1 X4.200 Y36.400 F3000
G1 X4.200 Y38.600 F3000
G1 X4.000 Y38.800 F3000
G1 X4.200 Y39.000 F3000
G1 X4.200 Y40.200 F3000
G1 X4.000 Y40.400 F3000
G1 X4.200 Y40.600 F3000
G1 X4.000 Y40.800 F3000
G1 X4.200 Y41.000 F3000
G1 X4.200 Y46.400 F3000
G1 X4.200 Y28.800 F3000
M5 ; laser off
G0 X22.000 Y30.000
M3 ; laser on
G1 X22.000 Y30.000 F3000
G1 X22.200 Y29.800 F3000
G1 X22.800 Y30.400 F3000
G1 X27.600 Y30.400 F3000
G1 X27.800 Y30.600 F3000
G1 X27.600 Y30.400 F3000
G1 X22.800 Y30.400 F3000
G1 X22.400 Y30.000 F3000
G1 X22.400 Y29.800 F3000
G1 X22.600 Y29.600 F3000
G1 X23.000 Y30.000 F3000
G1 X27.800 Y30.000 F3000
G1 X28.200 Y30.400 F3000
G1 X28.200 Y30.600 F3000
G1 X28.200 Y30.400 F3000
G1 X27.800 Y30.000 F3000
G1 X28.000 Y29.800 F3000
G1 X27.600 Y30.000 F3000
G1 X27.400 Y29.600 F3000
G1 X23.200 Y29.600 F3000
G1 X23.000 Y29.400 F3000
G1 X23.200 Y29.600 F3000
G1 X27.200 Y29.600 F3000
G1 X27.400 Y29.800 F3000
G1 X27.200 Y30.000 F3000
G1 X23.000 Y30.000 F3000
G1 X22.600 Y29.600 F3000
G1 X22.600 Y29.000 F3000
G1 X23.000 Y28.600 F3000
G1 X27.400 Y28.600 F3000
G1 X23.000 Y28.600 F3000
G1 X22.600 Y29.000 F3000
G1 X22.400 Y28.800 F3000
G1 X22.600 Y28.400 F3000
G1 X22.200 Y29.000 F3000
G1 X22.200 Y29.800 F3000
M5 ; laser off
G0 X21.200 Y28.400
M3 ; laser on
G1 X21.200 Y28.400 F3000
G1 X21.400 Y28.400 F3000
M5 ; laser off
G0 X1.200 Y28.400
M3 ; laser on
G1 X1.200 Y28.400 F3000
G1 X1.400 Y28.600 F3000
G1 X1.400 Y32.400 F3000
G1 X1.400 Y28.600 F3000
M5 ; laser off
G0 X20.800 Y28.200
M3 ; laser on
G1 X20.800 Y28.200 F3000
G1 X21.000 Y28.000 F3000
G1 X21.600 Y28.000 F3000
G1 X21.800 Y28.400 F3000
G1 X21.600 Y28.000 F3000
G1 X21.000 Y28.000 F3000
M5 ; laser off
G0 X18.800 Y28.000
M3 ; laser on
G1 X18.800 Y28.000 F3000
G1 X18.600 Y28.400 F3000
G1 X18.800 Y28.200 F3000
G1 X19.400 Y28.800 F3000
G1 X19.200 Y29.000 F3000
G1 X19.400 Y28.800 F3000
G1 X20.800 Y30.200 F3000
G1 X20.800 Y30.600 F3000
G1 X21.000 Y30.400 F3000
G1 X22.000 Y31.400 F3000
G1 X22.400 Y31.400 F3000
G1 X22.600 Y31.200 F3000
G1 X26.400 Y31.200 F3000
G1 X26.800 Y31.600 F3000
G1 X26.800 Y32.000 F3000
G1 X26.200 Y32.800 F3000
G1 X23.200 Y32.800 F3000
G1 X22.800 Y33.000 F3000
G1 X22.200 Y33.600 F3000
G1 X22.800 Y33.000 F3000
G1 X23.200 Y33.200 F3000
G1 X22.000 Y34.400 F3000
G1 X23.200 Y33.200 F3000
G1 X26.400 Y33.200 F3000
G1 X26.800 Y32.800 F3000
G1 X26.800 Y32.400 F3000
G1 X26.600 Y32.200 F3000
G1 X26.800 Y32.000 F3000
G1 X26.800 Y31.600 F3000
G1 X26.400 Y31.200 F3000
G1 X22.600 Y31.200 F3000
G1 X21.600 Y30.200 F3000
G1 X21.400 Y30.200 F3000
G1 X22.200 Y31.000 F3000
G1 X22.600 Y31.200 F3000
G1 X22.400 Y31.400 F3000
G1 X22.000 Y31.400 F3000
G1 X18.800 Y28.200 F3000
M5 ; laser off
G0 X13.200 Y28.200
M3 ; laser on
G1 X13.200 Y28.200 F3000
G1 X13.000 Y45.200 F3000
G1 X14.600 Y47.400 F3000
G1 X15.200 Y64.800 F3000
G1 X14.200 Y64.200 F3000
G1 X15.400 Y67.000 F3000
G1 X16.800 Y66.600 F3000
G1 X15.200 Y68.200 F3000
G1 X17.200 Y72.800 F3000
G1 X13.600 Y72.000 F3000
G1 X13.400 Y73.400 F3000
G1 X15.400 Y72.000 F3000
G1 X16.200 Y73.400 F3000
G1 X13.800 Y72.800 F3000
G1 X15.200 Y72.400 F3000
G1 X17.600 Y75.600 F3000
G1 X16.600 Y73.000 F3000
G1 X18.800 Y75.800 F3000
G1 X38.400 Y76.400 F3000
G1 X19.200 Y75.600 F3000
G1 X15.600 Y71.200 F3000
G1 X16.800 Y65.200 F3000
G1 X17.200 Y67.400 F3000
G1 X18.400 Y65.800 F3000
G1 X16.000 Y63.800 F3000
G1 X16.800 Y65.600 F3000
G1 X15.600 Y65.800 F3000
G1 X14.400 Y63.800 F3000
G1 X14.400 Y48.400 F3000
G1 X15.800 Y48.400 F3000
G1 X15.800 Y63.400 F3000
G1 X16.200 Y49.600 F3000
G1 X16.200 Y63.400 F3000
G1 X16.200 Y48.400 F3000
G1 X17.600 Y49.200 F3000
G1 X16.800 Y37.600 F3000
G1 X20.400 Y34.800 F3000
G1 X20.200 Y30.400 F3000
G1 X18.800 Y29.400 F3000
G1 X20.200 Y34.000 F3000
G1 X17.000 Y37.200 F3000
G1 X19.800 Y33.800 F3000
G1 X19.800 Y31.000 F3000
G1 X16.800 Y28.000 F3000
G1 X19.800 Y31.000 F3000
G1 X19.800 Y33.800 F3000
G1 X16.600 Y35.600 F3000
G1 X17.400 Y47.400 F3000
G1 X15.400 Y44.800 F3000
G1 X15.400 Y35.200 F3000
G1 X18.400 Y33.400 F3000
G1 X14.600 Y32.000 F3000
G1 X18.200 Y33.000 F3000
G1 X15.200 Y33.200 F3000
G1 X18.000 Y33.400 F3000
G1 X15.000 Y35.000 F3000
G1 X16.000 Y49.400 F3000
G1 X15.800 Y45.800 F3000
G1 X14.600 Y47.400 F3000
G1 X13.400 Y45.000 F3000
G1 X13.400 Y29.000 F3000
G1 X17.800 Y30.200 F3000
G1 X13.400 Y29.000 F3000
G1 X13.200 Y43.000 F3000
G1 X13.000 Y28.800 F3000
G1 X17.800 Y29.600 F3000
M5 ; laser off
G0 X17.600 Y27.600
M3 ; laser on
G1 X17.600 Y27.600 F3000
G1 X18.000 Y27.600 F3000
G1 X18.200 Y28.000 F3000
G1 X18.200 Y27.600 F3000
M5 ; laser off
G0 X10.600 Y27.600
M3 ; laser on
G1 X10.600 Y27.600 F3000
G1 X10.800 Y27.600 F3000
M5 ; laser off
G0 X5.000 Y27.600
M3 ; laser on
G1 X5.000 Y27.600 F3000
G1 X5.200 Y27.600 F3000
M5 ; laser off
G0 X15.400 Y27.400
M3 ; laser on
G1 X15.400 Y27.400 F3000
G1 X15.600 Y27.600 F3000
G1 X16.400 Y27.600 F3000
G1 X16.400 Y27.400 F3000
G1 X16.200 Y27.600 F3000
G1 X15.600 Y27.600 F3000
M5 ; laser off
G0 X13.600 Y27.400
M3 ; laser on
G1 X13.600 Y27.400 F3000
G1 X13.600 Y27.600 F3000
G1 X14.400 Y27.600 F3000
G1 X14.800 Y28.000 F3000
G1 X15.200 Y28.000 F3000
G1 X14.800 Y28.000 F3000
G1 X14.400 Y27.600 F3000
G1 X14.800 Y27.400 F3000
G1 X15.000 Y27.600 F3000
G1 X14.800 Y27.400 F3000
G1 X14.400 Y27.600 F3000
G1 X13.800 Y27.600 F3000
M5 ; laser off
G0 X8.000 Y27.400
M3 ; laser on
G1 X8.000 Y27.400 F3000
G1 X8.200 Y27.600 F3000
M5 ; laser off
G0 X0.400 Y27.200
M3 ; laser on
G1 X0.400 Y27.200 F3000
G1 X0.400 Y29.000 F3000
G1 X0.200 Y29.200 F3000
G1 X0.000 Y29.000 F3000
G1 X0.000 Y27.400 F3000
G1 X0.000 Y29.000 F3000
G1 X0.400 Y29.400 F3000
M5 ; laser off
G0 X29.000 Y27.000
M3 ; laser on
G1 X29.000 Y27.000 F3000
G1 X29.000 Y27.400 F3000
G1 X29.400 Y27.400 F3000
G1 X29.400 Y27.000 F3000
M5 ; laser off
G0 X13.200 Y27.800
M3 ; laser on
G1 X13.200 Y27.800 F3000
G1 X12.800 Y27.400 F3000
G1 X12.800 Y27.000 F3000
G1 X12.800 Y27.400 F3000
G1 X12.600 Y27.600 F3000
G1 X11.800 Y27.600 F3000
M5 ; laser off
G0 X10.200 Y27.000
M3 ; laser on
G1 X10.200 Y27.000 F3000
G1 X10.400 Y27.000 F3000
M5 ; laser off
G0 X8.400 Y27.000
M3 ; laser on
G1 X8.400 Y27.000 F3000
G1 X8.600 Y27.000 F3000
M5 ; laser off
G0 X6.800 Y27.000
M3 ; laser on
G1 X6.800 Y27.000 F3000
G1 X6.400 Y27.000 F3000
G1 X6.600 Y27.400 F3000
G1 X6.200 Y27.600 F3000
G1 X6.200 Y27.800 F3000
G1 X6.600 Y27.400 F3000
G1 X6.800 Y27.400 F3000
M5 ; laser off
G0 X4.600 Y27.000
M3 ; laser on
G1 X4.600 Y27.000 F3000
G1 X4.600 Y27.200 F3000
G1 X4.800 Y27.000 F3000
G1 X5.000 Y27.200 F3000
M5 ; laser off
G0 X27.800 Y27.200
M3 ; laser on
G1 X27.800 Y27.200 F3000
G1 X27.400 Y26.800 F3000
G1 X25.800 Y26.800 F3000
G1 X27.400 Y26.800 F3000
G1 X27.800 Y27.200 F3000
G1 X27.800 Y27.800 F3000
G1 X27.400 Y28.200 F3000
G1 X23.000 Y28.200 F3000
G1 X27.600 Y28.200 F3000
G1 X27.800 Y27.800 F3000
M5 ; laser off
G0 X20.200 Y26.800
M3 ; laser on
G1 X20.200 Y26.800 F3000
G1 X25.000 Y26.800 F3000
M5 ; laser off
G0 X15.800 Y26.800
M3 ; laser on
G1 X15.800 Y26.800 F3000
G1 X15.800 Y27.000 F3000
G1 X16.000 Y27.000 F3000
G1 X16.000 Y26.800 F3000
M5 ; laser off
G0 X19.000 Y26.600
M3 ; laser on
G1 X19.000 Y26.600 F3000
G1 X19.000 Y27.600 F3000
G1 X19.200 Y28.000 F3000
G1 X21.000 Y29.800 F3000
G1 X21.200 Y29.800 F3000
G1 X20.800 Y29.400 F3000
G1 X20.600 Y29.400 F3000
G1 X20.400 Y29.000 F3000
G1 X19.000 Y27.600 F3000
M5 ; laser off
G0 X15.400 Y26.600
M3 ; laser on
G1 X15.400 Y26.600 F3000
G1 X15.400 Y26.800 F3000
M5 ; laser off
G0 X2.600 Y26.600
M3 ; laser on
G1 X2.600 Y26.600 F3000
G1 X2.400 Y26.800 F3000
G1 X2.400 Y27.400 F3000
G1 X2.600 Y27.600 F3000
G1 X3.400 Y27.600 F3000
G1 X3.600 Y27.800 F3000
G1 X3.400 Y27.600 F3000
G1 X3.400 Y26.800 F3000
G1 X3.200 Y26.600 F3000
M5 ; laser off
G0 X1.800 Y26.600
M3 ; laser on
G1 X1.800 Y26.600 F3000
G1 X1.800 Y27.800 F3000
G1 X2.800 Y28.800 F3000
G1 X2.800 Y42.400 F3000
G1 X1.600 Y42.400 F3000
G1 X2.200 Y48.200 F3000
G1 X1.800 Y43.600 F3000
G1 X2.800 Y43.200 F3000
G1 X2.600 Y48.600 F3000
G1 X3.200 Y49.200 F3000
G1 X2.800 Y65.400 F3000
G1 X3.200 Y49.200 F3000
G1 X3.800 Y49.400 F3000
G1 X3.800 Y65.800 F3000
G1 X2.600 Y65.800 F3000
G1 X2.600 Y66.600 F3000
G1 X3.000 Y66.800 F3000
G1 X2.600 Y66.000 F3000
G1 X3.200 Y65.800 F3000
G1 X3.800 Y66.800 F3000
G1 X3.400 Y67.400 F3000
G1 X2.600 Y67.200 F3000
G1 X3.400 Y67.400 F3000
G1 X2.800 Y67.600 F3000
G1 X3.000 Y76.400 F3000
G1 X3.600 Y67.800 F3000
G1 X3.000 Y67.800 F3000
G1 X3.800 Y67.000 F3000
G1 X3.800 Y63.000 F3000
G1 X4.400 Y66.000 F3000
G1 X4.000 Y67.400 F3000
G1 X4.400 Y66.600 F3000
G1 X5.600 Y66.800 F3000
G1 X5.600 Y67.600 F3000
G1 X4.600 Y68.000 F3000
G1 X5.000 Y68.200 F3000
G1 X4.000 Y69.200 F3000
G1 X5.800 Y67.000 F3000
G1 X6.000 Y67.800 F3000
G1 X5.200 Y68.600 F3000
G1 X6.200 Y66.600 F3000
G1 X6.800 Y66.800 F3000
G1 X6.200 Y66.400 F3000
G1 X6.600 Y65.800 F3000
G1 X7.200 Y66.600 F3000
G1 X7.400 Y65.600 F3000
G1 X6.200 Y66.000 F3000
G1 X5.200 Y64.200 F3000
G1 X6.000 Y65.000 F3000
G1 X6.200 Y66.600 F3000
G1 X5.800 Y67.000 F3000
G1 X5.200 Y65.800 F3000
G1 X4.200 Y65.800 F3000
G1 X4.200 Y48.800 F3000
G1 X3.800 Y49.400 F3000
G1 X2.600 Y48.600 F3000
G1 X2.800 Y47.000 F3000
G1 X3.600 Y48.400 F3000
G1 X4.600 Y48.400 F3000
G1 X4.600 Y49.400 F3000
G1 X4.400 Y47.600 F3000
G1 X3.200 Y47.400 F3000
G1 X3.200 Y28.800 F3000
G1 X2.800 Y28.000 F3000
G1 X2.800 Y28.800 F3000
G1 X1.800 Y27.800 F3000
M5 ; laser off
G0 X17.800 Y26.400
M3 ; laser on
G1 X17.800 Y26.400 F3000
G1 X18.000 Y26.400 F3000
G1 X18.200 Y26.800 F3000
G1 X18.000 Y27.000 F3000
G1 X17.800 Y26.800 F3000
G1 X17.600 Y27.200 F3000
G1 X17.800 Y26.800 F3000
G1 X18.000 Y27.200 F3000
G1 X18.200 Y26.800 F3000
G1 X18.600 Y27.600 F3000
G1 X18.200 Y26.600 F3000
M5 ; laser off
G0 X13.600 Y26.600
M3 ; laser on
G1 X13.600 Y26.600 F3000
G1 X13.800 Y27.000 F3000
G1 X14.200 Y27.000 F3000
G1 X13.800 Y26.600 F3000
G1 X14.200 Y26.400 F3000
G1 X14.600 Y26.800 F3000
G1 X14.600 Y27.000 F3000
G1 X14.600 Y26.600 F3000
G1 X14.200 Y26.400 F3000
M5 ; laser off
G0 X16.600 Y26.200
M3 ; laser on
G1 X16.600 Y26.200 F3000
G1 X16.400 Y26.600 F3000
G1 X16.200 Y26.400 F3000
G1 X15.800 Y26.400 F3000
G1 X16.200 Y26.400 F3000
G1 X16.400 Y26.800 F3000
M5 ; laser off
G0 X17.000 Y26.000
M3 ; laser on
G1 X17.000 Y26.000 F3000
G1 X17.000 Y26.600 F3000
G1 X17.200 Y26.800 F3000
G1 X17.000 Y27.600 F3000
G1 X18.400 Y29.000 F3000
G1 X17.000 Y27.600 F3000
G1 X17.200 Y26.800 F3000
G1 X17.400 Y26.600 F3000
G1 X17.200 Y26.800 F3000
G1 X17.000 Y26.600 F3000
M5 ; laser off
G0 X5.400 Y26.000
M3 ; laser on
G1 X5.400 Y26.000 F3000
G1 X6.000 Y27.000 F3000
G1 X5.800 Y27.400 F3000
G1 X5.800 Y32.400 F3000
G1 X5.600 Y32.600 F3000
G1 X5.600 Y33.000 F3000
G1 X5.800 Y33.200 F3000
G1 X5.800 Y34.600 F3000
G1 X5.600 Y34.800 F3000
G1 X5.600 Y45.800 F3000
G1 X6.400 Y46.600 F3000
G1 X5.600 Y45.800 F3000
G1 X5.600 Y34.800 F3000
G1 X5.800 Y34.600 F3000
G1 X5.800 Y33.200 F3000
G1 X5.600 Y33.000 F3000
G1 X5.600 Y32.600 F3000
G1 X5.800 Y32.400 F3000
G1 X5.800 Y27.400 F3000
G1 X6.000 Y27.000 F3000
M5 ; laser off
G0 X3.400 Y25.600
M3 ; laser on
G1 X3.400 Y25.600 F3000
G1 X2.800 Y26.200 F3000
G1 X2.600 Y26.200 F3000
G1 X2.800 Y26.200 F3000
M5 ; laser off
G0 X18.800 Y25.400
M3 ; laser on
G1 X18.800 Y25.400 F3000
G1 X19.800 Y26.400 F3000
G1 X27.600 Y26.400 F3000
G1 X28.200 Y27.000 F3000
G1 X28.200 Y28.000 F3000
G1 X28.000 Y28.200 F3000
G1 X28.200 Y28.000 F3000
G1 X28.200 Y26.800 F3000
G1 X27.800 Y26.400 F3000
G1 X20.000 Y26.400 F3000
M5 ; laser off
G0 X18.200 Y25.200
M3 ; laser on
G1 X18.200 Y25.200 F3000
G1 X18.400 Y25.400 F3000
M5 ; laser off
G0 X26.000 Y25.000
M3 ; laser on
G1 X26.000 Y25.000 F3000
G1 X26.200 Y25.000 F3000
M5 ; laser off
G0 X19.600 Y25.000
M3 ; laser on
G1 X19.600 Y25.000 F3000
G1 X20.000 Y25.400 F3000
G1 X25.000 Y25.400 F3000
G1 X25.200 Y25.600 F3000
G1 X25.600 Y25.400 F3000
G1 X26.000 Y25.800 F3000
G1 X26.600 Y25.800 F3000
G1 X27.600 Y25.400 F3000
G1 X28.000 Y25.600 F3000
G1 X28.600 Y25.600 F3000
G1 X28.800 Y25.400 F3000
G1 X29.400 Y25.600 F3000
G1 X30.000 Y26.200 F3000
G1 X29.600 Y26.600 F3000
G1 X28.800 Y26.600 F3000
G1 X28.600 Y26.200 F3000
G1 X28.800 Y26.600 F3000
G1 X28.600 Y26.800 F3000
G1 X28.600 Y27.400 F3000
G1 X28.600 Y26.800 F3000
G1 X28.800 Y26.600 F3000
G1 X29.600 Y26.600 F3000
G1 X29.800 Y26.800 F3000
G1 X29.800 Y27.400 F3000
G1 X29.800 Y26.800 F3000
G1 X29.600 Y26.600 F3000
G1 X30.000 Y26.200 F3000
G1 X30.200 Y26.400 F3000
G1 X30.200 Y32.400 F3000
G1 X29.800 Y32.800 F3000
G1 X29.600 Y32.600 F3000
G1 X29.000 Y32.600 F3000
G1 X28.800 Y32.800 F3000
G1 X29.000 Y32.600 F3000
G1 X29.600 Y32.600 F3000
G1 X29.800 Y33.200 F3000
G1 X29.800 Y32.800 F3000
G1 X30.000 Y32.600 F3000
G1 X30.200 Y32.800 F3000
G1 X30.200 Y34.600 F3000
G1 X29.600 Y35.200 F3000
G1 X29.400 Y35.000 F3000
G1 X29.600 Y34.600 F3000
G1 X29.400 Y34.600 F3000
G1 X29.600 Y35.200 F3000
G1 X29.000 Y35.800 F3000
G1 X28.800 Y35.600 F3000
G1 X29.200 Y36.000 F3000
G1 X29.600 Y36.000 F3000
G1 X30.600 Y34.800 F3000
G1 X30.600 Y34.000 F3000
G1 X30.800 Y33.800 F3000
G1 X31.000 Y34.400 F3000
G1 X31.000 Y33.800 F3000
G1 X30.600 Y33.600 F3000
G1 X30.600 Y26.200 F3000
G1 X30.200 Y25.800 F3000
G1 X30.400 Y25.600 F3000
G1 X30.200 Y25.800 F3000
G1 X29.800 Y25.400 F3000
G1 X29.000 Y25.600 F3000
G1 X28.800 Y25.400 F3000
G1 X29.200 Y25.200 F3000
G1 X28.800 Y25.400 F3000
G1 X28.200 Y25.200 F3000
G1 X28.600 Y25.200 F3000
G1 X28.800 Y25.400 F3000
G1 X28.600 Y25.600 F3000
G1 X28.000 Y25.600 F3000
G1 X27.200 Y25.200 F3000
G1 X27.600 Y25.400 F3000
G1 X27.400 Y25.600 F3000
G1 X26.600 Y25.600 F3000
G1 X26.400 Y25.400 F3000
G1 X26.800 Y25.200 F3000
G1 X26.400 Y25.400 F3000
G1 X26.600 Y25.600 F3000
G1 X26.200 Y25.800 F3000
G1 X25.600 Y25.400 F3000
G1 X25.200 Y25.600 F3000
G1 X25.000 Y25.400 F3000
G1 X20.000 Y25.400 F3000
G1 X19.800 Y25.200 F3000
G1 X20.200 Y25.000 F3000
G1 X19.800 Y25.200 F3000
M5 ; laser off
G0 X18.800 Y24.600
M3 ; laser on
G1 X18.800 Y24.600 F3000
G1 X18.800 Y24.800 F3000
G1 X19.600 Y25.600 F3000
G1 X18.800 Y24.800 F3000
M5 ; laser off
G0 X16.400 Y24.600
M3 ; laser on
G1 X16.400 Y24.600 F3000
G1 X17.800 Y26.000 F3000
M5 ; laser off
G0 X25.400 Y24.400
M3 ; laser on
G1 X25.400 Y24.400 F3000
G1 X25.400 Y24.600 F3000
M5 ; laser off
G0 X19.400 Y24.400
M3 ; laser on
G1 X19.400 Y24.400 F3000
G1 X19.200 Y24.600 F3000
M5 ; laser off
G0 X18.000 Y24.400
M3 ; laser on
G1 X18.000 Y24.400 F3000
G1 X18.200 Y24.800 F3000
G1 X18.400 Y24.800 F3000
M5 ; laser off
G0 X29.800 Y24.200
M3 ; laser on
G1 X29.800 Y24.200 F3000
G1 X29.400 Y24.200 F3000
G1 X29.400 Y24.400 F3000
G1 X29.600 Y24.600 F3000
M5 ; laser off
G0 X29.000 Y24.200
M3 ; laser on
G1 X29.000 Y24.200 F3000
G1 X29.000 Y24.600 F3000
G1 X28.800 Y24.800 F3000
G1 X29.000 Y24.600 F3000
G1 X29.200 Y24.800 F3000
G1 X29.000 Y24.600 F3000
M5 ; laser off
G0 X26.600 Y24.200
M3 ; laser on
G1 X26.600 Y24.200 F3000
G1 X26.600 Y24.800 F3000
M5 ; laser off
G0 X25.800 Y24.200
M3 ; laser on
G1 X25.800 Y24.200 F3000
G1 X25.800 Y24.600 F3000
G1 X26.200 Y24.600 F3000
G1 X26.200 Y24.200 F3000
M5 ; laser off
G0 X24.200 Y24.200
M3 ; laser on
G1 X24.200 Y24.200 F3000
G1 X24.000 Y24.200 F3000
G1 X24.000 Y24.600 F3000
M5 ; laser off
G0 X21.800 Y24.200
M3 ; laser on
G1 X21.800 Y24.200 F3000
G1 X21.800 Y24.600 F3000
G1 X22.000 Y24.600 F3000
G1 X22.200 Y24.400 F3000
M5 ; laser off
G0 X20.000 Y24.200
M3 ; laser on
G1 X20.000 Y24.200 F3000
G1 X19.800 Y24.400 F3000
G1 X20.200 Y24.600 F3000
G1 X20.200 Y24.200 F3000
M5 ; laser off
G0 X13.600 Y24.000
M3 ; laser on
G1 X13.600 Y24.000 F3000
G1 X14.200 Y24.000 F3000
G1 X14.800 Y24.600 F3000
G1 X14.600 Y24.800 F3000
G1 X14.800 Y24.600 F3000
G1 X15.400 Y25.200 F3000
G1 X15.200 Y25.400 F3000
G1 X15.400 Y25.200 F3000
G1 X16.000 Y25.800 F3000
G1 X15.800 Y26.000 F3000
G1 X16.000 Y25.800 F3000
G1 X16.200 Y26.000 F3000
G1 X14.200 Y24.000 F3000
M5 ; laser off
G0 X29.200 Y23.800
M3 ; laser on
G1 X29.200 Y23.800 F3000
G1 X30.000 Y23.800 F3000
G1 X30.200 Y24.000 F3000
G1 X30.200 Y24.600 F3000
G1 X30.200 Y24.000 F3000
G1 X30.000 Y23.800 F3000
M5 ; laser off
G0 X25.600 Y23.800
M3 ; laser on
G1 X25.600 Y23.800 F3000
G1 X26.400 Y23.800 F3000
M5 ; laser off
G0 X21.600 Y23.800
M3 ; laser on
G1 X21.600 Y23.800 F3000
G1 X22.200 Y23.800 F3000
G1 X22.400 Y24.000 F3000
G1 X22.200 Y23.800 F3000
G1 X21.600 Y23.800 F3000
G1 X21.400 Y24.000 F3000
G1 X21.400 Y24.800 F3000
G1 X21.600 Y25.000 F3000
G1 X22.200 Y25.000 F3000
G1 X22.400 Y24.800 F3000
G1 X22.200 Y25.000 F3000
G1 X21.600 Y25.000 F3000
G1 X21.400 Y24.800 F3000
G1 X21.400 Y24.000 F3000
M5 ; laser off
G0 X18.000 Y23.800
M3 ; laser on
G1 X18.000 Y23.800 F3000
G1 X18.000 Y24.000 F3000
M5 ; laser off
G0 X49.800 Y23.600
M3 ; laser on
G1 X49.800 Y23.600 F3000
G1 X49.600 Y23.800 F3000
G1 X49.800 Y24.000 F3000
G1 X49.800 Y24.400 F3000
M5 ; laser off
G0 X25.600 Y23.200
M3 ; laser on
G1 X25.600 Y23.200 F3000
G1 X25.000 Y23.800 F3000
M5 ; laser off
G0 X31.200 Y24.000
M3 ; laser on
G1 X31.200 Y24.000 F3000
G1 X31.000 Y25.400 F3000
G1 X31.400 Y25.800 F3000
G1 X31.400 Y28.800 F3000
G1 X31.200 Y29.000 F3000
G1 X31.400 Y29.200 F3000
G1 X31.400 Y34.000 F3000
G1 X31.600 Y35.000 F3000
G1 X30.600 Y36.000 F3000
G1 X30.400 Y35.800 F3000
G1 X30.600 Y36.000 F3000
G1 X30.200 Y36.400 F3000
G1 X30.200 Y36.800 F3000
G1 X33.200 Y36.800 F3000
G1 X36.600 Y40.000 F3000
G1 X39.000 Y40.000 F3000
G1 X39.200 Y40.200 F3000
G1 X39.000 Y40.000 F3000
G1 X39.200 Y39.200 F3000
G1 X39.000 Y38.800 F3000
G1 X37.400 Y39.000 F3000
G1 X37.200 Y38.800 F3000
G1 X37.600 Y38.600 F3000
G1 X37.000 Y38.800 F3000
G1 X36.200 Y37.800 F3000
G1 X36.400 Y37.200 F3000
G1 X36.200 Y35.800 F3000
G1 X36.400 Y35.200 F3000
G1 X37.400 Y34.400 F3000
G1 X38.000 Y34.600 F3000
G1 X39.000 Y34.600 F3000
G1 X39.200 Y34.400 F3000
G1 X39.600 Y34.600 F3000
G1 X39.800 Y34.400 F3000
G1 X40.600 Y34.800 F3000
G1 X41.200 Y35.800 F3000
G1 X41.000 Y36.200 F3000
G1 X41.000 Y37.200 F3000
G1 X41.200 Y37.400 F3000
G1 X41.000 Y38.600 F3000
G1 X41.200 Y38.800 F3000
G1 X41.000 Y39.000 F3000
G1 X41.200 Y38.800 F3000
G1 X41.400 Y39.000 F3000
G1 X41.800 Y38.800 F3000
G1 X42.400 Y39.000 F3000
G1 X42.200 Y38.800 F3000
G1 X42.400 Y38.600 F3000
G1 X43.400 Y38.600 F3000
G1 X44.200 Y39.600 F3000
G1 X44.600 Y39.600 F3000
G1 X44.600 Y22.800 F3000
G1 X43.800 Y22.400 F3000
G1 X34.400 Y22.400 F3000
G1 X33.200 Y23.800 F3000
M5 ; laser off
G0 X3.600 Y22.400
M3 ; laser on
G1 X3.600 Y22.400 F3000
G1 X3.600 Y24.600 F3000
G1 X3.200 Y25.000 F3000
G1 X2.800 Y24.600 F3000
G1 X2.800 Y24.000 F3000
G1 X2.600 Y24.200 F3000
G1 X3.200 Y25.000 F3000
G1 X2.200 Y26.000 F3000
G1 X2.600 Y25.800 F3000
G1 X3.600 Y24.800 F3000
M5 ; laser off
G0 X21.000 Y22.200
M3 ; laser on
G1 X21.000 Y22.200 F3000
G1 X22.200 Y22.200 F3000
G1 X22.400 Y22.600 F3000
G1 X22.600 Y22.200 F3000
G1 X32.200 Y22.200 F3000
M5 ; laser off
G0 X34.200 Y21.600
M3 ; laser on
G1 X34.200 Y21.600 F3000
G1 X32.800 Y23.000 F3000
G1 X29.000 Y23.000 F3000
G1 X28.800 Y22.800 F3000
G1 X28.400 Y23.000 F3000
G1 X28.000 Y22.800 F3000
G1 X26.600 Y22.800 F3000
G1 X26.400 Y23.000 F3000
G1 X26.200 Y22.800 F3000
G1 X25.400 Y22.800 F3000
G1 X25.000 Y23.000 F3000
G1 X24.400 Y23.800 F3000
G1 X23.800 Y23.800 F3000
G1 X23.600 Y24.000 F3000
G1 X23.600 Y24.800 F3000
G1 X23.800 Y25.000 F3000
G1 X24.200 Y25.000 F3000
G1 X23.800 Y25.000 F3000
G1 X23.600 Y24.800 F3000
G1 X23.600 Y24.000 F3000
G1 X23.800 Y23.800 F3000
G1 X24.400 Y23.800 F3000
G1 X24.600 Y24.200 F3000
G1 X24.400 Y23.800 F3000
G1 X25.400 Y22.800 F3000
G1 X26.200 Y22.800 F3000
G1 X26.400 Y23.000 F3000
G1 X26.600 Y22.800 F3000
G1 X28.000 Y22.800 F3000
G1 X28.200 Y23.000 F3000
G1 X28.600 Y22.800 F3000
G1 X29.000 Y23.000 F3000
G1 X32.800 Y23.000 F3000
G1 X33.200 Y22.600 F3000
G1 X33.400 Y22.800 F3000
G1 X33.200 Y22.600 F3000
M5 ; laser off
G0 X20.000 Y21.600
M3 ; laser on
G1 X20.000 Y21.600 F3000
G1 X20.400 Y22.000 F3000
G1 X20.000 Y22.400 F3000
G1 X19.800 Y22.200 F3000
G1 X20.200 Y22.800 F3000
G1 X20.000 Y23.200 F3000
G1 X20.200 Y23.600 F3000
G1 X19.600 Y24.000 F3000
G1 X19.800 Y23.800 F3000
G1 X20.400 Y23.800 F3000
G1 X20.600 Y24.000 F3000
G1 X20.600 Y24.800 F3000
G1 X20.600 Y24.000 F3000
G1 X20.000 Y23.200 F3000
G1 X20.400 Y22.600 F3000
G1 X20.200 Y22.800 F3000
G1 X20.000 Y22.400 F3000
G1 X20.400 Y22.200 F3000
G1 X20.400 Y22.000 F3000
M5 ; laser off
G0 X12.600 Y21.600
M3 ; laser on
G1 X12.600 Y21.600 F3000
G1 X12.800 Y21.800 F3000
G1 X12.600 Y22.000 F3000
G1 X12.600 Y23.400 F3000
G1 X12.800 Y23.600 F3000
G1 X12.600 Y23.800 F3000
G1 X12.800 Y23.600 F3000
G1 X13.000 Y24.000 F3000
G1 X13.400 Y23.600 F3000
G1 X14.400 Y23.600 F3000
G1 X16.600 Y25.800 F3000
G1 X16.600 Y25.600 F3000
G1 X15.200 Y24.200 F3000
G1 X15.400 Y24.000 F3000
G1 X15.200 Y24.200 F3000
G1 X14.400 Y23.600 F3000
G1 X13.400 Y23.600 F3000
G1 X13.000 Y23.200 F3000
G1 X13.000 Y22.400 F3000
G1 X13.200 Y22.000 F3000
G1 X13.000 Y22.200 F3000
G1 X13.000 Y23.200 F3000
G1 X13.400 Y23.600 F3000
G1 X13.000 Y23.800 F3000
G1 X12.600 Y23.400 F3000
G1 X12.600 Y22.000 F3000
G1 X13.000 Y21.600 F3000
G1 X13.200 Y21.600 F3000
M5 ; laser off
G0 X8.000 Y21.600
M3 ; laser on
G1 X8.000 Y21.600 F3000
G1 X8.000 Y22.600 F3000
M5 ; laser off
G0 X21.200 Y21.400
M3 ; laser on
G1 X21.200 Y21.400 F3000
G1 X30.400 Y21.400 F3000
M5 ; laser off
G0 X45.200 Y21.400
M3 ; laser on
G1 X45.200 Y21.400 F3000
G1 X45.000 Y21.200 F3000
G1 X45.000 Y20.800 F3000
G1 X44.200 Y20.800 F3000
G1 X44.000 Y21.000 F3000
G1 X41.600 Y21.000 F3000
G1 X43.800 Y21.000 F3000
G1 X44.000 Y21.200 F3000
G1 X43.800 Y21.400 F3000
G1 X41.400 Y21.400 F3000
G1 X41.200 Y21.200 F3000
G1 X40.800 Y21.400 F3000
G1 X39.000 Y21.400 F3000
G1 X38.800 Y21.200 F3000
G1 X38.400 Y21.200 F3000
G1 X38.200 Y21.400 F3000
G1 X38.000 Y21.200 F3000
G1 X34.000 Y21.200 F3000
G1 X32.600 Y22.600 F3000
G1 X30.200 Y22.600 F3000
G1 X32.600 Y22.600 F3000
G1 X34.000 Y21.200 F3000
G1 X38.000 Y21.200 F3000
G1 X38.200 Y21.400 F3000
G1 X38.400 Y21.200 F3000
G1 X38.800 Y21.200 F3000
G1 X39.000 Y21.400 F3000
G1 X40.800 Y21.400 F3000
G1 X41.200 Y21.200 F3000
G1 X41.400 Y21.400 F3000
G1 X44.000 Y21.400 F3000
G1 X44.400 Y21.800 F3000
G1 X45.000 Y21.800 F3000
M5 ; laser off
G0 X33.800 Y20.800
M3 ; laser on
G1 X33.800 Y20.800 F3000
G1 X33.400 Y21.200 F3000
G1 X33.200 Y21.200 F3000
G1 X33.200 Y21.400 F3000
G1 X32.600 Y22.000 F3000
M5 ; laser off
G0 X31.000 Y20.800
M3 ; laser on
G1 X31.000 Y20.800 F3000
G1 X30.800 Y21.000 F3000
M5 ; laser off
G0 X2.600 Y20.800
M3 ; laser on
G1 X2.600 Y20.800 F3000
G1 X2.400 Y21.000 F3000
G1 X2.400 Y21.600 F3000
G1 X2.600 Y21.800 F3000
G1 X3.400 Y21.800 F3000
G1 X3.600 Y22.000 F3000
G1 X3.400 Y21.800 F3000
G1 X3.400 Y21.000 F3000
G1 X3.200 Y20.800 F3000
M5 ; laser off
G0 X14.800 Y20.400
M3 ; laser on
G1 X14.800 Y20.400 F3000
G1 X14.800 Y21.200 F3000
G1 X14.400 Y21.600 F3000
G1 X13.800 Y21.600 F3000
G1 X13.600 Y21.800 F3000
G1 X13.800 Y21.600 F3000
G1 X14.400 Y21.600 F3000
G1 X14.800 Y21.800 F3000
G1 X14.400 Y21.600 F3000
G1 X14.800 Y21.400 F3000
M5 ; laser off
G0 X4.000 Y20.400
M3 ; laser on
G1 X4.000 Y20.400 F3000
G1 X4.000 Y24.800 F3000
M5 ; laser off
G0 X13.400 Y20.200
M3 ; laser on
G1 X13.400 Y20.200 F3000
G1 X14.400 Y20.200 F3000
M5 ; laser off
G0 X39.400 Y20.000
M3 ; laser on
G1 X39.400 Y20.000 F3000
G1 X39.400 Y20.400 F3000
M5 ; laser off
G0 X39.000 Y20.000
M3 ; laser on
G1 X39.000 Y20.000 F3000
G1 X39.000 Y20.600 F3000
G1 X39.200 Y20.800 F3000
G1 X39.600 Y20.800 F3000
G1 X39.200 Y20.800 F3000
G1 X39.000 Y20.600 F3000
M5 ; laser off
G0 X32.000 Y19.800
M3 ; laser on
G1 X32.000 Y19.800 F3000
G1 X31.400 Y20.400 F3000
G1 X31.600 Y20.200 F3000
G1 X31.800 Y20.400 F3000
G1 X31.800 Y21.000 F3000
G1 X32.000 Y20.800 F3000
G1 X31.600 Y20.200 F3000
M5 ; laser off
G0 X10.000 Y19.600
M3 ; laser on
G1 X10.000 Y19.600 F3000
G1 X10.000 Y20.000 F3000
G1 X10.600 Y20.000 F3000
G1 X10.600 Y19.600 F3000
M5 ; laser off
G0 X25.000 Y18.800
M3 ; laser on
G1 X25.000 Y18.800 F3000
G1 X24.800 Y19.000 F3000
G1 X24.800 Y19.800 F3000
G1 X25.000 Y20.000 F3000
G1 X25.400 Y20.000 F3000
G1 X25.800 Y19.600 F3000
G1 X25.800 Y19.000 F3000
G1 X25.600 Y18.800 F3000
M5 ; laser off
G0 X22.200 Y18.800
M3 ; laser on
G1 X22.200 Y18.800 F3000
G1 X22.000 Y19.000 F3000
G1 X22.000 Y19.800 F3000
G1 X22.800 Y20.000 F3000
G1 X23.000 Y19.800 F3000
G1 X23.000 Y19.200 F3000
M5 ; laser off
G0 X12.800 Y18.800
M3 ; laser on
G1 X12.800 Y18.800 F3000
G1 X12.800 Y19.600 F3000
G1 X13.000 Y20.000 F3000
G1 X12.800 Y19.600 F3000
M5 ; laser off
G0 X45.200 Y18.600
M3 ; laser on
G1 X45.200 Y18.600 F3000
G1 X45.400 Y19.000 F3000
M5 ; laser off
G0 X26.000 Y18.600
M3 ; laser on
G1 X26.000 Y18.600 F3000
G1 X26.200 Y18.600 F3000
G1 X26.600 Y19.000 F3000
G1 X27.200 Y19.000 F3000
G1 X26.600 Y19.000 F3000
G1 X26.200 Y18.600 F3000
M5 ; laser off
G0 X13.400 Y18.600
M3 ; laser on
G1 X13.400 Y18.600 F3000
G1 X13.200 Y18.800 F3000
G1 X13.200 Y19.400 F3000
G1 X13.400 Y19.800 F3000
G1 X14.600 Y19.800 F3000
G1 X15.200 Y20.200 F3000
G1 X15.200 Y21.400 F3000
G1 X15.200 Y20.200 F3000
G1 X14.600 Y19.800 F3000
G1 X13.600 Y19.800 F3000
G1 X13.200 Y19.400 F3000
G1 X13.200 Y19.000 F3000
G1 X13.400 Y18.800 F3000
G1 X13.600 Y19.200 F3000
G1 X13.400 Y18.800 F3000
G1 X13.600 Y18.600 F3000
M5 ; laser off
G0 X33.400 Y18.400
M3 ; laser on
G1 X33.400 Y18.400 F3000
G1 X33.200 Y18.600 F3000
G1 X33.400 Y19.000 F3000
G1 X33.600 Y18.600 F3000
M5 ; laser off
G0 X46.400 Y39.400
M3 ; laser on
G1 X46.400 Y39.400 F3000
G1 X45.800 Y38.800 F3000
G1 X45.800 Y18.200 F3000
G1 X45.600 Y20.400 F3000
G1 X44.600 Y18.800 F3000
G1 X44.000 Y19.200 F3000
G1 X41.400 Y19.200 F3000
G1 X44.200 Y19.200 F3000
G1 X44.600 Y18.800 F3000
G1 X45.200 Y19.600 F3000
G1 X44.800 Y20.000 F3000
G1 X44.000 Y19.600 F3000
G1 X34.200 Y19.600 F3000
G1 X34.000 Y19.200 F3000
G1 X34.200 Y19.600 F3000
G1 X33.800 Y20.000 F3000
G1 X33.600 Y19.400 F3000
G1 X33.800 Y20.000 F3000
G1 X31.600 Y21.800 F3000
G1 X20.800 Y21.800 F3000
G1 X32.200 Y21.800 F3000
G1 X34.600 Y19.400 F3000
G1 X35.000 Y20.000 F3000
G1 X35.000 Y19.600 F3000
G1 X40.000 Y19.600 F3000
G1 X40.200 Y20.200 F3000
G1 X40.400 Y19.600 F3000
G1 X43.200 Y19.600 F3000
G1 X43.600 Y20.000 F3000
G1 X43.600 Y19.600 F3000
G1 X44.400 Y20.000 F3000
G1 X45.200 Y19.600 F3000
G1 X45.400 Y20.800 F3000
G1 X45.800 Y20.600 F3000
G1 X45.800 Y38.800 F3000
G1 X45.400 Y38.800 F3000
G1 X45.400 Y21.800 F3000
G1 X45.400 Y39.200 F3000
G1 X45.800 Y38.800 F3000
M5 ; laser off
G0 X13.000 Y18.400
M3 ; laser on
G1 X13.000 Y18.400 F3000
G1 X13.200 Y18.200 F3000
G1 X14.200 Y18.200 F3000
G1 X13.200 Y18.200 F3000
M5 ; laser off
G0 X29.800 Y18.000
M3 ; laser on
G1 X29.800 Y18.000 F3000
G1 X29.800 Y18.200 F3000
G1 X28.800 Y19.000 F3000
G1 X27.600 Y19.000 F3000
G1 X29.000 Y19.000 F3000
G1 X29.800 Y18.200 F3000
M5 ; laser off
G0 X0.000 Y18.000
M3 ; laser on
G1 X0.000 Y18.000 F3000
G1 X0.000 Y24.800 F3000
G1 X0.000 Y22.800 F3000
G1 X0.200 Y22.600 F3000
G1 X0.400 Y22.800 F3000
G1 X0.400 Y24.800 F3000
G1 X0.400 Y18.200 F3000
G1 X0.400 Y22.400 F3000
G1 X0.200 Y22.600 F3000
G1 X0.000 Y22.400 F3000
M5 ; laser off
G0 X49.800 Y17.800
M3 ; laser on
G1 X49.800 Y17.800 F3000
G1 X49.600 Y18.000 F3000
G1 X49.800 Y18.200 F3000
G1 X49.800 Y18.600 F3000
M5 ; laser off
G0 X47.400 Y17.800
M3 ; laser on
G1 X47.400 Y17.800 F3000
G1 X47.600 Y18.000 F3000
G1 X47.600 Y33.800 F3000
G1 X47.600 Y18.000 F3000
M5 ; laser off
G0 X44.200 Y17.800
M3 ; laser on
G1 X44.200 Y17.800 F3000
G1 X44.800 Y18.400 F3000
M5 ; laser off
G0 X40.200 Y17.800
M3 ; laser on
G1 X40.200 Y17.800 F3000
G1 X40.600 Y18.000 F3000
G1 X40.600 Y18.800 F3000
G1 X41.000 Y19.000 F3000
G1 X41.400 Y18.800 F3000
G1 X41.400 Y18.000 F3000
G1 X41.800 Y17.800 F3000
G1 X41.400 Y18.000 F3000
G1 X40.600 Y18.000 F3000
M5 ; laser off
G0 X34.000 Y17.800
M3 ; laser on
G1 X34.000 Y17.800 F3000
G1 X34.400 Y18.000 F3000
G1 X34.200 Y18.200 F3000
G1 X34.200 Y18.600 F3000
G1 X34.600 Y19.000 F3000
G1 X35.000 Y19.000 F3000
G1 X35.200 Y19.200 F3000
G1 X40.600 Y19.200 F3000
G1 X35.200 Y19.200 F3000
G1 X35.000 Y19.000 F3000
G1 X35.200 Y18.800 F3000
G1 X35.200 Y18.000 F3000
G1 X35.400 Y17.800 F3000
G1 X39.800 Y17.800 F3000
G1 X35.400 Y17.800 F3000
G1 X35.200 Y18.000 F3000
M5 ; laser off
G0 X5.000 Y17.800
M3 ; laser on
G1 X5.000 Y17.800 F3000
G1 X5.000 Y18.600 F3000
G1 X4.400 Y19.000 F3000
G1 X3.800 Y19.000 F3000
G1 X3.600 Y19.400 F3000
G1 X3.600 Y19.800 F3000
G1 X3.800 Y20.000 F3000
G1 X4.400 Y20.000 F3000
G1 X4.600 Y19.800 F3000
G1 X4.600 Y19.200 F3000
G1 X4.400 Y19.000 F3000
G1 X4.600 Y18.800 F3000
G1 X5.000 Y19.000 F3000
G1 X5.000 Y24.800 F3000
G1 X4.600 Y25.200 F3000
G1 X4.400 Y25.200 F3000
G1 X4.400 Y25.400 F3000
G1 X3.800 Y26.000 F3000
G1 X4.200 Y26.800 F3000
G1 X4.000 Y28.000 F3000
G1 X3.800 Y28.200 F3000
G1 X4.000 Y28.000 F3000
G1 X4.400 Y28.400 F3000
G1 X4.400 Y28.200 F3000
G1 X4.000 Y28.000 F3000
G1 X4.200 Y26.800 F3000
G1 X4.400 Y26.600 F3000
G1 X5.000 Y26.600 F3000
G1 X5.200 Y26.800 F3000
G1 X5.200 Y26.600 F3000
G1 X4.400 Y26.600 F3000
G1 X4.200 Y26.800 F3000
G1 X4.000 Y26.600 F3000
G1 X4.000 Y26.400 F3000
G1 X4.800 Y25.600 F3000
G1 X4.000 Y26.400 F3000
G1 X3.800 Y26.000 F3000
G1 X5.000 Y24.800 F3000
M5 ; laser off
G0 X23.000 Y17.800
M3 ; laser on
G1 X23.000 Y17.800 F3000
G1 X23.000 Y18.000 F3000
G1 X23.200 Y17.600 F3000
G1 X23.400 Y18.000 F3000
G1 X23.600 Y17.800 F3000
G1 X24.000 Y18.000 F3000
G1 X24.400 Y17.600 F3000
G1 X25.200 Y18.400 F3000
G1 X24.400 Y17.600 F3000
G1 X24.200 Y17.800 F3000
G1 X24.000 Y17.600 F3000
G1 X23.600 Y17.800 F3000
G1 X23.200 Y17.600 F3000
M5 ; laser off
G0 X24.800 Y17.400
M3 ; laser on
G1 X24.800 Y17.400 F3000
G1 X25.600 Y18.200 F3000
M5 ; laser off
G0 X46.600 Y16.800
M3 ; laser on
G1 X46.600 Y16.800 F3000
G1 X46.600 Y17.000 F3000
G1 X46.800 Y17.000 F3000
M5 ; laser off
G0 X30.200 Y16.800
M3 ; laser on
G1 X30.200 Y16.800 F3000
G1 X30.000 Y17.200 F3000
G1 X29.600 Y17.400 F3000
G1 X28.800 Y18.400 F3000
G1 X29.200 Y18.000 F3000
G1 X29.400 Y18.000 F3000
G1 X29.400 Y17.800 F3000
G1 X30.200 Y17.000 F3000
M5 ; laser off
G0 X33.400 Y16.400
M3 ; laser on
G1 X33.400 Y16.400 F3000
G1 X45.200 Y16.400 F3000
G1 X46.800 Y18.000 F3000
G1 X46.600 Y18.400 F3000
G1 X45.000 Y16.800 F3000
G1 X33.400 Y16.800 F3000
G1 X29.400 Y20.600 F3000
G1 X32.200 Y18.400 F3000
G1 X33.400 Y16.800 F3000
G1 X45.000 Y16.800 F3000
G1 X46.600 Y18.400 F3000
G1 X46.800 Y36.600 F3000
G1 X46.200 Y37.200 F3000
G1 X46.600 Y38.600 F3000
G1 X46.600 Y36.800 F3000
G1 X47.000 Y36.800 F3000
G1 X47.000 Y38.600 F3000
G1 X48.200 Y39.800 F3000
G1 X47.000 Y38.600 F3000
G1 X47.000 Y25.000 F3000
G1 X47.000 Y36.000 F3000
G1 X46.600 Y36.000 F3000
G1 X46.600 Y18.400 F3000
G1 X47.000 Y17.800 F3000
G1 X45.200 Y16.200 F3000
M5 ; laser off
G0 X16.600 Y16.200
M3 ; laser on
G1 X16.600 Y16.200 F3000
G1 X16.600 Y24.200 F3000
G1 X18.200 Y25.800 F3000
G1 X16.600 Y24.000 F3000
M5 ; laser off
G0 X8.800 Y16.200
M3 ; laser on
G1 X8.800 Y16.200 F3000
G1 X8.800 Y25.200 F3000
G1 X7.800 Y26.200 F3000
G1 X8.000 Y26.800 F3000
G1 X8.200 Y26.600 F3000
G1 X8.800 Y26.600 F3000
G1 X9.000 Y26.800 F3000
G1 X9.000 Y27.400 F3000
G1 X8.600 Y27.600 F3000
G1 X9.000 Y27.400 F3000
G1 X9.200 Y27.600 F3000
G1 X9.200 Y42.600 F3000
G1 X9.200 Y27.600 F3000
G1 X8.800 Y26.600 F3000
G1 X8.000 Y26.600 F3000
G1 X7.800 Y26.400 F3000
G1 X7.800 Y26.200 F3000
G1 X8.800 Y25.200 F3000
M5 ; laser off
G0 X6.600 Y16.000
M3 ; laser on
G1 X6.600 Y16.000 F3000
G1 X7.200 Y16.600 F3000
M5 ; laser off
G0 X32.400 Y15.600
M3 ; laser on
G1 X32.400 Y15.600 F3000
G1 X30.200 Y17.800 F3000
G1 X32.400 Y15.600 F3000
G1 X46.000 Y16.400 F3000
G1 X46.000 Y15.600 F3000
G1 X48.000 Y17.800 F3000
G1 X47.800 Y38.400 F3000
G1 X48.600 Y39.200 F3000
G1 X48.400 Y48.200 F3000
G1 X48.600 Y39.200 F3000
G1 X47.800 Y38.200 F3000
G1 X49.000 Y39.000 F3000
G1 X49.000 Y48.400 F3000
G1 X47.200 Y50.200 F3000
G1 X41.200 Y50.200 F3000
G1 X47.200 Y50.200 F3000
G1 X49.000 Y49.000 F3000
G1 X47.400 Y50.600 F3000
G1 X38.400 Y50.200 F3000
G1 X48.600 Y50.400 F3000
G1 X47.800 Y51.600 F3000
G1 X39.800 Y51.600 F3000
G1 X47.800 Y51.600 F3000
G1 X49.400 Y50.200 F3000
G1 X49.600 Y38.400 F3000
G1 X49.800 Y50.200 F3000
G1 X49.000 Y21.400 F3000
G1 X49.400 Y50.000 F3000
G1 X48.800 Y50.600 F3000
G1 X48.200 Y49.800 F3000
G1 X49.000 Y49.000 F3000
G1 X49.000 Y39.000 F3000
G1 X48.000 Y38.000 F3000
G1 X48.000 Y17.600 F3000
G1 X46.200 Y15.400 F3000
M5 ; laser off
G0 X30.600 Y16.600
M3 ; laser on
G1 X30.600 Y16.600 F3000
G1 X30.800 Y16.200 F3000
G1 X32.000 Y15.000 F3000
G1 X32.600 Y15.000 F3000
G1 X32.800 Y15.200 F3000
G1 X33.000 Y15.000 F3000
G1 X36.800 Y15.000 F3000
G1 X37.000 Y15.200 F3000
G1 X37.200 Y15.000 F3000
G1 X40.400 Y15.000 F3000
G1 X32.000 Y15.000 F3000
G1 X30.800 Y16.200 F3000
M5 ; laser off
G0 X16.800 Y15.000
M3 ; laser on
G1 X16.800 Y15.000 F3000
G1 X17.000 Y15.200 F3000
M5 ; laser off
G0 X3.600 Y15.200
M3 ; laser on
G1 X3.600 Y15.200 F3000
G1 X3.600 Y16.000 F3000
G1 X3.800 Y16.200 F3000
G1 X4.400 Y16.200 F3000
G1 X4.600 Y16.000 F3000
G1 X4.600 Y15.200 F3000
G1 X4.400 Y15.000 F3000
M5 ; laser off
G0 X18.400 Y14.800
M3 ; laser on
G1 X18.400 Y14.800 F3000
G1 X18.600 Y15.000 F3000
G1 X18.600 Y15.600 F3000
G1 X18.600 Y15.000 F3000
M5 ; laser off
G0 X13.400 Y14.200
M3 ; laser on
G1 X13.400 Y14.200 F3000
G1 X12.800 Y14.400 F3000
G1 X12.600 Y15.000 F3000
G1 X14.200 Y15.600 F3000
G1 X13.600 Y16.600 F3000
G1 X12.800 Y16.600 F3000
G1 X12.200 Y17.000 F3000
G1 X12.000 Y16.800 F3000
G1 X12.200 Y17.000 F3000
G1 X11.400 Y17.800 F3000
G1 X11.000 Y17.600 F3000
G1 X10.800 Y16.600 F3000
G1 X10.000 Y17.000 F3000
G1 X10.200 Y17.600 F3000
G1 X11.200 Y17.800 F3000
G1 X11.000 Y25.600 F3000
G1 X11.000 Y18.400 F3000
G1 X11.400 Y18.400 F3000
G1 X11.400 Y33.800 F3000
G1 X11.000 Y45.600 F3000
G1 X11.400 Y27.400 F3000
G1 X11.800 Y26.800 F3000
G1 X12.000 Y27.200 F3000
G1 X12.200 Y26.800 F3000
G1 X12.400 Y27.200 F3000
G1 X12.200 Y26.800 F3000
G1 X12.600 Y26.600 F3000
G1 X12.200 Y26.400 F3000
G1 X12.400 Y26.600 F3000
G1 X12.000 Y27.000 F3000
G1 X11.800 Y26.600 F3000
G1 X11.600 Y27.000 F3000
G1 X11.400 Y26.800 F3000
G1 X11.600 Y18.200 F3000
G1 X11.400 Y18.400 F3000
G1 X11.200 Y18.000 F3000
G1 X12.800 Y16.600 F3000
G1 X14.600 Y16.600 F3000
G1 X15.000 Y17.000 F3000
G1 X14.800 Y17.400 F3000
G1 X14.400 Y17.000 F3000
G1 X13.000 Y17.000 F3000
G1 X14.400 Y17.000 F3000
G1 X14.800 Y17.400 F3000
G1 X14.600 Y18.000 F3000
G1 X15.000 Y18.000 F3000
G1 X14.600 Y18.400 F3000
G1 X15.000 Y18.200 F3000
G1 X15.000 Y17.200 F3000
G1 X15.200 Y17.600 F3000
G1 X15.000 Y17.000 F3000
G1 X14.200 Y16.400 F3000
G1 X14.200 Y15.200 F3000
G1 X13.600 Y15.200 F3000
M5 ; laser off
G0 X22.200 Y13.000
M3 ; laser on
G1 X22.200 Y13.000 F3000
G1 X22.200 Y13.800 F3000
M5 ; laser off
G0 X14.600 Y12.800
M3 ; laser on
G1 X14.600 Y12.800 F3000
G1 X16.000 Y14.200 F3000
M5 ; laser off
G0 X44.800 Y12.400
M3 ; laser on
G1 X44.800 Y12.400 F3000
G1 X45.000 Y12.400 F3000
G1 X45.400 Y12.800 F3000
G1 X45.600 Y12.600 F3000
G1 X45.600 Y12.400 F3000
G1 X45.200 Y12.200 F3000
M5 ; laser off
G0 X15.400 Y12.000
M3 ; laser on
G1 X15.400 Y12.000 F3000
G1 X15.600 Y12.000 F3000
M5 ; laser off
G0 X19.000 Y11.800
M3 ; laser on
G1 X19.000 Y11.800 F3000
G1 X19.400 Y12.200 F3000
G1 X19.200 Y12.400 F3000
G1 X19.400 Y12.200 F3000
M5 ; laser off
G0 X12.400 Y11.800
M3 ; laser on
G1 X12.400 Y11.800 F3000
G1 X16.400 Y15.800 F3000
G1 X15.800 Y15.000 F3000
G1 X16.000 Y14.800 F3000
G1 X15.800 Y15.000 F3000
G1 X15.400 Y14.600 F3000
G1 X15.200 Y14.600 F3000
G1 X14.600 Y14.000 F3000
G1 X14.800 Y13.800 F3000
G1 X14.600 Y14.000 F3000
G1 X13.800 Y13.000 F3000
G1 X14.000 Y12.800 F3000
G1 X13.600 Y13.000 F3000
M5 ; laser off
G0 X13.400 Y11.600
M3 ; laser on
G1 X13.400 Y11.600 F3000
G1 X13.800 Y12.000 F3000
G1 X13.400 Y12.200 F3000
G1 X13.800 Y12.400 F3000
G1 X14.000 Y12.200 F3000
M5 ; laser off
G0 X19.600 Y11.000
M3 ; laser on
G1 X19.600 Y11.000 F3000
G1 X21.400 Y12.800 F3000
G1 X21.400 Y13.200 F3000
G1 X21.400 Y12.800 F3000
M5 ; laser off
G0 X27.400 Y10.800
M3 ; laser on
G1 X27.400 Y10.800 F3000
G1 X27.400 Y11.600 F3000
G1 X27.200 Y11.800 F3000
G1 X26.000 Y11.600 F3000
G1 X25.800 Y11.800 F3000
G1 X25.400 Y11.800 F3000
G1 X25.000 Y12.200 F3000
G1 X24.800 Y12.600 F3000
G1 X24.800 Y13.600 F3000
G1 X25.400 Y14.400 F3000
G1 X26.000 Y14.600 F3000
G1 X26.800 Y15.400 F3000
G1 X27.000 Y15.400 F3000
G1 X27.200 Y15.600 F3000
G1 X27.200 Y16.000 F3000
G1 X27.400 Y15.600 F3000
G1 X27.800 Y16.000 F3000
G1 X27.800 Y16.200 F3000
G1 X28.000 Y16.000 F3000
G1 X28.400 Y16.200 F3000
G1 X28.600 Y15.800 F3000
G1 X28.400 Y16.200 F3000
G1 X27.600 Y15.800 F3000
G1 X28.000 Y15.400 F3000
G1 X28.400 Y15.400 F3000
G1 X28.800 Y15.000 F3000
G1 X29.000 Y15.200 F3000
G1 X28.800 Y15.000 F3000
G1 X29.000 Y14.800 F3000
G1 X29.000 Y13.600 F3000
G1 X28.800 Y13.200 F3000
G1 X27.600 Y12.200 F3000
G1 X27.800 Y12.000 F3000
G1 X27.600 Y12.200 F3000
G1 X27.200 Y11.800 F3000
G1 X27.400 Y11.600 F3000
M5 ; laser off
G0 X12.000 Y10.800
M3 ; laser on
G1 X12.000 Y10.800 F3000
G1 X12.600 Y10.800 F3000
G1 X12.800 Y11.000 F3000
G1 X12.400 Y11.200 F3000
G1 X12.400 Y11.400 F3000
G1 X12.800 Y11.000 F3000
G1 X13.000 Y11.200 F3000
G1 X12.600 Y10.800 F3000
M5 ; laser off
G0 X9.400 Y10.800
M3 ; laser on
G1 X9.400 Y10.800 F3000
G1 X11.200 Y10.800 F3000
G1 X11.800 Y11.200 F3000
G1 X11.600 Y11.200 F3000
G1 X11.400 Y10.800 F3000
G1 X9.400 Y10.800 F3000
G1 X8.800 Y11.400 F3000
G1 X8.800 Y15.600 F3000
G1 X9.200 Y15.600 F3000
G1 X9.200 Y12.200 F3000
G1 X9.600 Y11.800 F3000
G1 X10.000 Y12.000 F3000
G1 X9.600 Y12.400 F3000
G1 X9.600 Y15.600 F3000
G1 X9.600 Y12.400 F3000
G1 X10.400 Y11.800 F3000
G1 X11.000 Y11.800 F3000
G1 X11.200 Y12.000 F3000
G1 X11.600 Y11.800 F3000
G1 X13.200 Y13.200 F3000
G1 X12.600 Y13.600 F3000
G1 X12.400 Y13.000 F3000
G1 X12.400 Y13.600 F3000
G1 X13.200 Y13.200 F3000
G1 X14.800 Y14.800 F3000
G1 X14.600 Y15.200 F3000
G1 X14.800 Y14.800 F3000
G1 X16.200 Y16.200 F3000
G1 X16.200 Y19.000 F3000
G1 X16.000 Y19.200 F3000
G1 X15.800 Y18.800 F3000
G1 X15.400 Y19.000 F3000
G1 X15.400 Y19.200 F3000
G1 X15.600 Y19.000 F3000
G1 X16.200 Y19.400 F3000
G1 X15.800 Y19.600 F3000
G1 X15.800 Y20.000 F3000
G1 X16.200 Y20.200 F3000
G1 X16.200 Y24.200 F3000
G1 X16.200 Y16.200 F3000
G1 X11.600 Y11.800 F3000
G1 X12.000 Y11.600 F3000
G1 X11.200 Y12.000 F3000
G1 X11.000 Y11.800 F3000
G1 X10.400 Y11.800 F3000
G1 X10.200 Y12.000 F3000
G1 X9.600 Y11.800 F3000
G1 X9.200 Y12.200 F3000
G1 X8.800 Y11.800 F3000
G1 X8.800 Y11.400 F3000
G1 X9.000 Y11.200 F3000
G1 X9.200 Y11.400 F3000
G1 X9.000 Y11.200 F3000
M5 ; laser off
G0 X17.800 Y10.600
M3 ; laser on
G1 X17.800 Y10.600 F3000
G1 X18.600 Y11.400 F3000
M5 ; laser off
G0 X44.000 Y10.600
M3 ; laser on
G1 X44.000 Y10.600 F3000
G1 X44.200 Y10.800 F3000
G1 X44.800 Y10.800 F3000
G1 X44.600 Y10.400 F3000
G1 X44.200 Y10.400 F3000
M5 ; laser off
G0 X7.400 Y9.800
M3 ; laser on
G1 X7.400 Y9.800 F3000
G1 X7.400 Y10.400 F3000
G1 X7.600 Y10.600 F3000
G1 X8.400 Y10.600 F3000
G1 X8.400 Y9.800 F3000
G1 X8.200 Y9.600 F3000
M5 ; laser off
G0 X4.400 Y9.800
M3 ; laser on
G1 X4.400 Y9.800 F3000
G1 X4.000 Y9.600 F3000
G1 X3.400 Y9.800 F3000
G1 X3.400 Y10.400 F3000
G1 X3.600 Y10.600 F3000
G1 X3.400 Y10.800 F3000
G1 X3.400 Y11.200 F3000
G1 X3.400 Y10.800 F3000
G1 X3.600 Y10.600 F3000
G1 X4.400 Y10.600 F3000
M5 ; laser off
G0 X18.400 Y9.400
M3 ; laser on
G1 X18.400 Y9.400 F3000
G1 X19.200 Y10.200 F3000
G1 X19.400 Y10.200 F3000
G1 X19.600 Y10.600 F3000
G1 X19.800 Y10.600 F3000
G1 X21.800 Y12.600 F3000
G1 X21.800 Y14.400 F3000
G1 X21.600 Y14.800 F3000
G1 X23.200 Y16.400 F3000
G1 X22.800 Y16.800 F3000
G1 X22.800 Y17.000 F3000
G1 X22.800 Y16.800 F3000
G1 X23.200 Y16.400 F3000
G1 X23.600 Y16.800 F3000
G1 X23.200 Y17.200 F3000
G1 X23.400 Y17.200 F3000
G1 X23.600 Y16.800 F3000
G1 X23.800 Y17.200 F3000
G1 X24.000 Y17.200 F3000
G1 X23.800 Y17.000 F3000
G1 X24.000 Y16.800 F3000
G1 X24.400 Y17.000 F3000
G1 X21.800 Y14.400 F3000
G1 X21.800 Y12.400 F3000
G1 X22.000 Y12.200 F3000
G1 X22.200 Y12.400 F3000
G1 X19.800 Y10.000 F3000
G1 X22.000 Y12.200 F3000
G1 X21.800 Y12.400 F3000
G1 X21.600 Y12.400 F3000
G1 X18.600 Y9.400 F3000
M5 ; laser off
G0 X9.800 Y9.200
M3 ; laser on
G1 X9.800 Y9.200 F3000
G1 X10.200 Y9.600 F3000
G1 X13.000 Y9.600 F3000
G1 X13.400 Y10.000 F3000
G1 X13.200 Y10.200 F3000
G1 X13.400 Y10.000 F3000
G1 X14.400 Y11.000 F3000
G1 X13.000 Y9.600 F3000
G1 X10.200 Y9.600 F3000
M5 ; laser off
G0 X17.200 Y8.800
M3 ; laser on
G1 X17.200 Y8.800 F3000
G1 X18.200 Y9.800 F3000
G1 X18.000 Y9.400 F3000
G1 X17.800 Y9.400 F3000
M5 ; laser off
G0 X14.200 Y8.600
M3 ; laser on
G1 X14.200 Y8.600 F3000
G1 X15.000 Y9.400 F3000
M5 ; laser off
G0 X48.400 Y8.600
M3 ; laser on
G1 X48.400 Y8.600 F3000
G1 X48.400 Y9.400 F3000
G1 X49.200 Y9.400 F3000
G1 X49.400 Y9.200 F3000
G1 X49.400 Y8.600 F3000
G1 X49.600 Y8.400 F3000
G1 X49.800 Y8.600 F3000
G1 X49.800 Y9.200 F3000
G1 X49.800 Y8.600 F3000
G1 X49.600 Y8.400 F3000
G1 X49.400 Y8.600 F3000
G1 X49.200 Y8.400 F3000
G1 X48.600 Y8.400 F3000
M5 ; laser off
G0 X8.800 Y8.200
M3 ; laser on
G1 X8.800 Y8.200 F3000
G1 X9.200 Y8.600 F3000
M5 ; laser off
G0 X20.400 Y7.600
M3 ; laser on
G1 X20.400 Y7.600 F3000
G1 X20.400 Y8.000 F3000
G1 X21.200 Y8.000 F3000
G1 X21.200 Y7.600 F3000
M5 ; laser off
G0 X7.800 Y7.600
M3 ; laser on
G1 X7.800 Y7.600 F3000
G1 X8.000 Y7.600 F3000
M5 ; laser off
G0 X7.400 Y7.600
M3 ; laser on
G1 X7.400 Y7.600 F3000
G1 X7.600 Y24.200 F3000
G1 X6.000 Y25.800 F3000
G1 X7.800 Y24.400 F3000
G1 X6.200 Y26.600 F3000
G1 X7.400 Y27.600 F3000
G1 X7.000 Y45.600 F3000
G1 X9.000 Y47.400 F3000
G1 X8.600 Y64.400 F3000
G1 X8.400 Y48.200 F3000
G1 X7.600 Y57.800 F3000
G1 X10.000 Y66.600 F3000
G1 X7.000 Y70.400 F3000
G1 X7.000 Y76.400 F3000
G1 X7.000 Y70.400 F3000
G1 X8.400 Y69.000 F3000
G1 X8.800 Y76.400 F3000
G1 X8.800 Y70.400 F3000
G1 X13.000 Y65.400 F3000
G1 X8.800 Y70.400 F3000
G1 X9.800 Y66.800 F3000
G1 X11.200 Y67.400 F3000
G1 X10.600 Y64.000 F3000
G1 X11.600 Y65.600 F3000
G1 X10.600 Y49.600 F3000
G1 X11.000 Y59.000 F3000
G1 X12.000 Y48.400 F3000
G1 X9.600 Y45.200 F3000
G1 X9.600 Y27.600 F3000
G1 X11.000 Y26.400 F3000
G1 X9.600 Y26.600 F3000
G1 X9.600 Y16.000 F3000
G1 X9.000 Y45.600 F3000
G1 X10.600 Y46.200 F3000
G1 X10.600 Y48.600 F3000
G1 X7.800 Y45.400 F3000
G1 X7.800 Y27.800 F3000
G1 X8.600 Y46.400 F3000
G1 X7.400 Y45.600 F3000
G1 X8.400 Y11.200 F3000
G1 X12.800 Y10.400 F3000
G1 X17.800 Y15.400 F3000
G1 X17.800 Y24.800 F3000
G1 X17.600 Y14.800 F3000
G1 X12.800 Y10.400 F3000
G1 X9.200 Y10.400 F3000
G1 X7.400 Y25.800 F3000
M5 ; laser off
G0 X6.200 Y7.600
M3 ; laser on
G1 X6.200 Y7.600 F3000
G1 X6.000 Y7.800 F3000
G1 X6.400 Y8.000 F3000
G1 X6.400 Y10.600 F3000
G1 X6.200 Y10.800 F3000
G1 X6.000 Y10.600 F3000
G1 X6.400 Y11.000 F3000
G1 X6.400 Y15.600 F3000
G1 X6.400 Y8.000 F3000
G1 X6.200 Y7.800 F3000
G1 X6.400 Y7.600 F3000
M5 ; laser off
G0 X13.000 Y7.400
M3 ; laser on
G1 X13.000 Y7.400 F3000
G1 X13.400 Y7.800 F3000
M5 ; laser off
G0 X15.600 Y7.200
M3 ; laser on
G1 X15.600 Y7.200 F3000
G1 X16.600 Y8.200 F3000
G1 X16.800 Y8.200 F3000
G1 X16.600 Y8.200 F3000
M5 ; laser off
G0 X10.400 Y7.200
M3 ; laser on
G1 X10.400 Y7.200 F3000
G1 X10.000 Y7.400 F3000
G1 X10.000 Y8.200 F3000
G1 X10.600 Y8.400 F3000
G1 X11.000 Y8.200 F3000
G1 X11.000 Y7.400 F3000
M5 ; laser off
G0 X48.400 Y7.000
M3 ; laser on
G1 X48.400 Y7.000 F3000
G1 X48.400 Y7.800 F3000
G1 X48.600 Y8.000 F3000
G1 X49.200 Y8.000 F3000
G1 X49.400 Y7.800 F3000
G1 X49.600 Y8.000 F3000
G1 X49.400 Y7.800 F3000
G1 X48.800 Y8.000 F3000
G1 X48.400 Y7.600 F3000
G1 X48.600 Y7.400 F3000
G1 X49.000 Y7.400 F3000
G1 X49.200 Y7.000 F3000
M5 ; laser off
G0 X42.800 Y7.400
M3 ; laser on
G1 X42.800 Y7.400 F3000
G1 X42.000 Y7.000 F3000
G1 X41.200 Y7.000 F3000
G1 X40.800 Y7.200 F3000
G1 X40.200 Y8.000 F3000
G1 X40.200 Y9.000 F3000
G1 X40.600 Y9.600 F3000
G1 X40.200 Y10.000 F3000
G1 X39.800 Y9.400 F3000
G1 X39.800 Y8.800 F3000
G1 X39.800 Y9.600 F3000
G1 X40.000 Y9.800 F3000
G1 X39.800 Y10.000 F3000
G1 X40.200 Y10.000 F3000
G1 X40.600 Y9.600 F3000
G1 X41.800 Y10.200 F3000
G1 X42.200 Y9.800 F3000
G1 X42.400 Y9.800 F3000
G1 X43.000 Y9.200 F3000
G1 X43.000 Y8.600 F3000
G1 X43.200 Y8.400 F3000
G1 X43.000 Y8.200 F3000
M5 ; laser off
G0 X47.000 Y6.800
M3 ; laser on
G1 X47.000 Y6.800 F3000
G1 X47.400 Y7.000 F3000
G1 X47.400 Y9.600 F3000
G1 X47.200 Y9.800 F3000
G1 X46.800 Y9.600 F3000
G1 X46.600 Y10.000 F3000
G1 X46.400 Y9.800 F3000
G1 X47.000 Y10.200 F3000
G1 X47.600 Y9.800 F3000
G1 X48.400 Y10.400 F3000
G1 X49.200 Y10.400 F3000
G1 X49.400 Y10.200 F3000
G1 X49.800 Y10.200 F3000
G1 X49.400 Y10.200 F3000
G1 X49.200 Y10.400 F3000
G1 X48.400 Y10.400 F3000
G1 X48.000 Y10.000 F3000
G1 X48.200 Y9.800 F3000
G1 X48.000 Y10.000 F3000
G1 X47.400 Y9.400 F3000
G1 X47.400 Y7.000 F3000
G1 X48.000 Y6.400 F3000
G1 X47.400 Y6.800 F3000
M5 ; laser off
G0 X12.000 Y6.400
M3 ; laser on
G1 X12.000 Y6.400 F3000
G1 X12.200 Y6.600 F3000
G1 X12.000 Y7.000 F3000
G1 X12.200 Y6.600 F3000
M5 ; laser off
G0 X11.400 Y5.800
M3 ; laser on
G1 X11.400 Y5.800 F3000
G1 X11.600 Y6.000 F3000
M5 ; laser off
G0 X0.200 Y5.400
M3 ; laser on
G1 X0.200 Y5.400 F3000
G1 X0.200 Y5.800 F3000
M5 ; laser off
G0 X7.600 Y5.000
M3 ; laser on
G1 X7.600 Y5.000 F3000
G1 X7.800 Y5.000 F3000
M5 ; laser off
G0 X6.400 Y5.000
M3 ; laser on
G1 X6.400 Y5.000 F3000
G1 X5.400 Y6.000 F3000
G1 X5.400 Y25.000 F3000
G1 X5.200 Y25.200 F3000
G1 X5.400 Y25.000 F3000
G1 X5.400 Y20.200 F3000
G1 X5.800 Y19.800 F3000
G1 X6.000 Y20.000 F3000
G1 X6.600 Y20.000 F3000
G1 X6.800 Y19.800 F3000
G1 X6.800 Y19.000 F3000
G1 X6.000 Y19.000 F3000
G1 X5.800 Y19.200 F3000
G1 X5.800 Y19.800 F3000
G1 X5.600 Y20.000 F3000
G1 X5.400 Y19.800 F3000
G1 X5.400 Y6.000 F3000
M5 ; laser off
G0 X13.400 Y2.800
M3 ; laser on
G1 X13.400 Y2.800 F3000
G1 X13.800 Y3.200 F3000
M5 ; laser off
G0 X5.000 Y5.800
M3 ; laser on
G1 X5.000 Y5.800 F3000
G1 X4.400 Y17.600 F3000
G1 X5.000 Y5.800 F3000
G1 X6.200 Y4.600 F3000
G1 X10.600 Y4.600 F3000
G1 X20.000 Y13.800 F3000
G1 X19.800 Y19.800 F3000
G1 X19.600 Y14.000 F3000
G1 X15.400 Y9.800 F3000
G1 X17.600 Y13.000 F3000
G1 X12.800 Y9.000 F3000
G1 X13.000 Y8.000 F3000
G1 X12.600 Y9.200 F3000
G1 X10.400 Y9.200 F3000
G1 X11.000 Y8.800 F3000
G1 X8.400 Y7.200 F3000
G1 X8.800 Y6.400 F3000
G1 X10.000 Y7.000 F3000
G1 X9.200 Y6.400 F3000
G1 X10.000 Y5.600 F3000
G1 X6.800 Y7.400 F3000
G1 X8.200 Y7.200 F3000
G1 X10.400 Y9.200 F3000
G1 X13.200 Y9.200 F3000
G1 X19.000 Y14.800 F3000
G1 X19.000 Y24.200 F3000
G1 X19.200 Y14.800 F3000
G1 X17.600 Y13.400 F3000
G1 X18.000 Y12.600 F3000
G1 X19.600 Y14.000 F3000
G1 X20.000 Y21.200 F3000
G1 X20.000 Y19.600 F3000
G1 X21.200 Y21.000 F3000
G1 X30.400 Y21.000 F3000
G1 X33.800 Y17.400 F3000
G1 X44.400 Y17.400 F3000
G1 X45.200 Y18.200 F3000
G1 X44.400 Y17.400 F3000
G1 X33.800 Y17.400 F3000
G1 X30.200 Y21.000 F3000
G1 X21.400 Y21.000 F3000
G1 X20.000 Y19.600 F3000
G1 X19.800 Y13.400 F3000
G1 X13.600 Y6.200 F3000
G1 X20.800 Y13.000 F3000
G1 X19.800 Y12.600 F3000
G1 X20.600 Y19.600 F3000
G1 X20.800 Y13.200 F3000
G1 X21.800 Y20.400 F3000
G1 X29.000 Y20.400 F3000
G1 X32.800 Y16.000 F3000
G1 X29.200 Y19.400 F3000
G1 X26.200 Y19.200 F3000
G1 X29.400 Y19.200 F3000
G1 X29.000 Y20.400 F3000
G1 X21.800 Y20.400 F3000
G1 X21.000 Y13.400 F3000
G1 X13.400 Y5.600 F3000
G1 X13.000 Y2.400 F3000
G1 X13.400 Y7.200 F3000
G1 X11.600 Y5.400 F3000
G1 X12.600 Y4.000 F3000
G1 X11.600 Y4.000 F3000
G1 X11.600 Y5.400 F3000
G1 X8.200 Y4.400 F3000
M5 ; laser off
G0 X14.600 Y2.200
M3 ; laser on
G1 X14.600 Y2.200 F3000
G1 X14.800 Y2.400 F3000
G1 X14.800 Y5.000 F3000
G1 X14.800 Y2.400 F3000
M5 ; laser off
G0 X1.000 Y1.200
M3 ; laser on
G1 X1.000 Y1.200 F3000
G1 X1.200 Y1.400 F3000
G1 X0.600 Y2.000 F3000
G1 X1.200 Y1.400 F3000
M5 ; laser off
G0 X13.000 Y1.400
M3 ; laser on
G1 X13.000 Y1.400 F3000
G1 X2.000 Y1.000 F3000
G1 X0.600 Y2.600 F3000
G1 X0.200 Y61.600 F3000
G1 X0.600 Y45.600 F3000
G1 X0.800 Y61.600 F3000
G1 X1.800 Y62.600 F3000
G1 X0.800 Y61.600 F3000
G1 X0.600 Y2.600 F3000
G1 X2.200 Y1.000 F3000
G1 X2.800 Y1.800 F3000
G1 X1.400 Y2.800 F3000
G1 X1.800 Y41.800 F3000
G1 X1.800 Y3.400 F3000
G1 X3.800 Y3.000 F3000
G1 X2.600 Y4.400 F3000
G1 X2.600 Y19.400 F3000
G1 X2.600 Y4.400 F3000
G1 X4.000 Y3.400 F3000
G1 X3.000 Y4.600 F3000
G1 X3.200 Y19.800 F3000
G1 X3.000 Y7.800 F3000
G1 X3.400 Y9.000 F3000
G1 X4.200 Y6.200 F3000
G1 X3.200 Y7.600 F3000
G1 X3.000 Y4.600 F3000
G1 X4.000 Y5.600 F3000
G1 X3.200 Y4.400 F3000
G1 X4.400 Y3.200 F3000
G1 X12.600 Y3.600 F3000
G1 X3.000 Y2.200 F3000
G1 X12.800 Y1.800 F3000
G1 X14.200 Y3.000 F3000
G1 X14.200 Y5.800 F3000
G1 X18.200 Y9.000 F3000
G1 X14.000 Y4.800 F3000
M5 ; laser off
G0 X49.800 Y1.000
M3 ; laser on
G1 X49.800 Y1.000 F3000
G1 X47.800 Y1.000 F3000
G1 X47.600 Y0.800 F3000
G1 X47.000 Y0.800 F3000
G1 X46.800 Y0.600 F3000
G1 X47.000 Y0.800 F3000
G1 X46.800 Y1.200 F3000
G1 X45.600 Y1.200 F3000
G1 X45.200 Y1.600 F3000
G1 X45.600 Y1.200 F3000
G1 X46.000 Y1.400 F3000
G1 X46.200 Y1.200 F3000
G1 X46.800 Y1.200 F3000
G1 X47.400 Y1.800 F3000
G1 X47.000 Y2.200 F3000
G1 X46.200 Y1.800 F3000
G1 X46.000 Y2.000 F3000
G1 X45.600 Y2.000 F3000
G1 X45.200 Y2.800 F3000
G1 X45.400 Y3.200 F3000
G1 X45.200 Y3.600 F3000
G1 X44.800 Y3.200 F3000
G1 X44.400 Y3.200 F3000
G1 X44.200 Y3.000 F3000
G1 X44.200 Y2.600 F3000
G1 X44.200 Y3.200 F3000
G1 X44.000 Y3.400 F3000
G1 X44.200 Y3.800 F3000
G1 X44.000 Y3.400 F3000
G1 X44.200 Y3.200 F3000
G1 X44.600 Y3.400 F3000
G1 X44.800 Y3.800 F3000
G1 X44.600 Y4.000 F3000
G1 X44.600 Y4.600 F3000
G1 X44.800 Y4.400 F3000
G1 X44.600 Y4.200 F3000
G1 X44.800 Y3.800 F3000
G1 X45.400 Y4.200 F3000
G1 X45.000 Y3.800 F3000
G1 X45.400 Y3.400 F3000
G1 X45.600 Y3.600 F3000
G1 X46.800 Y3.600 F3000
G1 X47.200 Y4.000 F3000
G1 X46.400 Y4.400 F3000
G1 X45.800 Y4.400 F3000
G1 X46.400 Y4.400 F3000
G1 X46.600 Y4.600 F3000
G1 X46.600 Y4.400 F3000
G1 X47.400 Y3.800 F3000
G1 X48.000 Y4.800 F3000
G1 X47.600 Y4.000 F3000
G1 X47.800 Y3.600 F3000
G1 X47.600 Y3.400 F3000
G1 X47.800 Y3.600 F3000
G1 X47.600 Y3.800 F3000
G1 X47.000 Y3.800 F3000
G1 X46.800 Y3.600 F3000
G1 X47.000 Y3.200 F3000
G1 X47.200 Y3.400 F3000
G1 X47.000 Y3.200 F3000
G1 X47.000 Y2.200 F3000
G1 X47.400 Y1.800 F3000
G1 X47.600 Y2.000 F3000
G1 X47.400 Y1.800 F3000
G1 X47.600 Y1.400 F3000
G1 X48.000 Y1.800 F3000
G1 X47.800 Y3.000 F3000
G1 X47.800 Y2.400 F3000
G1 X48.000 Y2.200 F3000
G1 X48.200 Y2.400 F3000
G1 X48.200 Y3.200 F3000
G1 X48.400 Y3.400 F3000
G1 X48.200 Y3.800 F3000
G1 X48.400 Y3.800 F3000
G1 X48.200 Y3.600 F3000
G1 X48.400 Y3.400 F3000
G1 X49.000 Y3.400 F3000
G1 X48.400 Y3.400 F3000
G1 X48.200 Y3.200 F3000
G1 X48.200 Y2.400 F3000
G1 X47.600 Y1.200 F3000
G1 X47.800 Y1.000 F3000
M5 ; laser off
G0 X31.000 Y0.200
M3 ; laser on
G1 X31.000 Y0.200 F3000
G1 X31.200 Y0.400 F3000
G1 X31.200 Y0.600 F3000
G1 X31.000 Y0.200 F3000
G1 X30.800 Y0.400 F3000
G1 X30.800 Y1.200 F3000
G1 X31.200 Y1.400 F3000
G1 X31.000 Y1.600 F3000
G1 X31.400 Y1.400 F3000
G1 X31.200 Y1.400 F3000
G1 X30.800 Y1.000 F3000
G1 X30.800 Y0.400 F3000
M5 ; laser off
G0 X35.200 Y0.000
M3 ; laser on
G1 X35.200 Y0.000 F3000
G1 X35.200 Y1.600 F3000
G1 X35.400 Y1.800 F3000
G1 X35.400 Y2.400 F3000
G1 X36.400 Y3.800 F3000
G1 X37.800 Y4.600 F3000
G1 X38.400 Y4.600 F3000
G1 X38.600 Y4.800 F3000
G1 X39.600 Y4.800 F3000
G1 X40.400 Y4.400 F3000
G1 X40.800 Y4.400 F3000
G1 X41.000 Y4.600 F3000
G1 X40.800 Y4.400 F3000
G1 X41.200 Y4.000 F3000
G1 X41.400 Y4.000 F3000
G1 X41.400 Y3.800 F3000
G1 X41.800 Y3.400 F3000
G1 X42.600 Y3.000 F3000
G1 X42.600 Y2.000 F3000
G1 X42.800 Y1.800 F3000
G1 X42.800 Y1.000 F3000
G1 X43.000 Y0.800 F3000
G1 X42.800 Y0.600 F3000
G1 X42.800 Y0.000 F3000
G1 X42.400 Y0.200 F3000
G1 X42.400 Y0.400 F3000
G1 X42.600 Y0.000 F3000
G1 X43.000 Y0.800 F3000
G1 X42.800 Y1.000 F3000
G1 X42.800 Y1.800 F3000
G1 X42.400 Y2.400 F3000
G1 X42.600 Y2.600 F3000
G1 X42.400 Y3.000 F3000
G1 X42.200 Y3.000 F3000
G1 X41.600 Y3.600 F3000
G1 X41.400 Y3.600 F3000
G1 X41.200 Y4.000 F3000
G1 X41.000 Y4.000 F3000
G1 X40.200 Y4.600 F3000
G1 X39.800 Y4.600 F3000
G1 X39.600 Y4.800 F3000
G1 X38.600 Y4.800 F3000
G1 X38.400 Y4.600 F3000
G1 X37.800 Y4.600 F3000
G1 X37.400 Y4.200 F3000
G1 X36.600 Y3.800 F3000
G1 X35.600 Y2.600 F3000
G1 X35.400 Y1.800 F3000
G1 X35.200 Y1.600 F3000
M5 ; laser off
G0 X21.000 Y0.000
M3 ; laser on
G1 X21.000 Y0.000 F3000
G1 X21.000 Y2.000 F3000
G1 X21.200 Y2.200 F3000
G1 X21.200 Y2.600 F3000
G1 X21.600 Y3.400 F3000
G1 X22.800 Y4.400 F3000
G1 X23.200 Y4.400 F3000
G1 X24.000 Y4.800 F3000
G1 X25.600 Y4.800 F3000
G1 X25.800 Y4.600 F3000
G1 X26.200 Y4.600 F3000
G1 X27.800 Y3.400 F3000
G1 X28.600 Y1.800 F3000
G1 X28.600 Y0.000 F3000
G1 X28.600 Y1.800 F3000
G1 X28.200 Y2.200 F3000
G1 X28.000 Y3.000 F3000
G1 X27.400 Y3.600 F3000
G1 X27.200 Y3.600 F3000
G1 X26.600 Y4.200 F3000
G1 X26.400 Y4.200 F3000
G1 X25.600 Y4.800 F3000
G1 X24.000 Y4.800 F3000
G1 X23.800 Y4.600 F3000
G1 X23.000 Y4.400 F3000
G1 X21.600 Y3.200 F3000
G1 X21.000 Y2.000 F3000
M5 ; laser off
G0 X6.200 Y0.600
M3 ; laser on
G1 X6.200 Y0.600 F3000
G1 X14.000 Y1.600 F3000
G1 X13.600 Y0.600 F3000
G1 X15.400 Y5.200 F3000
G1 X15.200 Y0.800 F3000
G1 X19.800 Y8.200 F3000
G1 X15.800 Y5.600 F3000
G1 X17.000 Y5.800 F3000
G1 X16.600 Y4.400 F3000
G1 X15.600 Y5.600 F3000
G1 X22.600 Y12.200 F3000
G1 X22.400 Y14.400 F3000
G1 X26.200 Y18.200 F3000
G1 X22.600 Y14.000 F3000
G1 X26.800 Y18.200 F3000
G1 X28.400 Y18.200 F3000
G1 X31.800 Y14.600 F3000
G1 X46.600 Y14.600 F3000
G1 X48.800 Y16.800 F3000
G1 X47.800 Y16.400 F3000
G1 X48.600 Y37.800 F3000
G1 X49.000 Y17.200 F3000
G1 X46.600 Y14.600 F3000
G1 X31.600 Y14.400 F3000
G1 X28.200 Y18.200 F3000
G1 X26.400 Y17.800 F3000
G1 X31.600 Y13.600 F3000
G1 X46.800 Y13.600 F3000
G1 X49.200 Y15.600 F3000
G1 X49.800 Y12.600 F3000
G1 X49.000 Y15.600 F3000
G1 X47.000 Y13.600 F3000
G1 X32.000 Y13.400 F3000
G1 X44.400 Y13.200 F3000
G1 X42.000 Y13.200 F3000
G1 X41.400 Y10.600 F3000
G1 X41.600 Y13.200 F3000
G1 X31.600 Y13.000 F3000
G1 X26.800 Y17.400 F3000
G1 X27.400 Y16.400 F3000
G1 X23.800 Y14.000 F3000
G1 X24.000 Y11.800 F3000
G1 X23.800 Y13.800 F3000
G1 X23.200 Y11.000 F3000
G1 X17.600 Y6.000 F3000
G1 X15.400 Y1.200 F3000
G1 X19.600 Y1.000 F3000
G1 X22.200 Y5.600 F3000
G1 X24.800 Y6.000 F3000
G1 X24.400 Y7.200 F3000
G1 X25.000 Y5.800 F3000
G1 X39.400 Y5.800 F3000
G1 X42.600 Y4.200 F3000
G1 X45.200 Y6.400 F3000
G1 X49.800 Y6.400 F3000
G1 X48.400 Y5.800 F3000
G1 X49.800 Y3.800 F3000
G1 X47.200 Y6.400 F3000
G1 X44.600 Y6.200 F3000
G1 X42.800 Y4.200 F3000
G1 X45.200 Y0.800 F3000
G1 X40.400 Y5.600 F3000
G1 X24.000 Y5.800 F3000
G1 X18.200 Y0.800 F3000
G1 X19.800 Y0.600 F3000
G1 X15.400 Y1.000 F3000
G1 X14.800 Y0.000 F3000
G1 X14.600 Y1.600 F3000
M5 ; laser off
G0 X1.400 Y0.600
M3 ; laser on
G1 X1.400 Y0.600 F3000
G1 X1.800 Y0.400 F3000
G1 X2.000 Y0.600 F3000
G1 X5.200 Y0.600 F3000
G1 X5.400 Y0.800 F3000
G1 X6.200 Y1.000 F3000
G1 X5.400 Y0.800 F3000
G1 X5.200 Y0.600 F3000
G1 X2.000 Y0.600 F3000
G1 X1.800 Y0.400 F3000
G1 X2.000 Y0.200 F3000
G1 X2.400 Y0.200 F3000
G1 X2.400 Y0.000 F3000
G1 X2.200 Y0.200 F3000
G1 X2.000 Y0.000 F3000
G1 X2.000 Y0.200 F3000
G1 X1.600 Y0.600 F3000
M5 ; laser off
M5 ; laser off
G0 X0 Y0